จังหวัด,เขตเลือกตั้ง,เขต,สถานที่เลือกตั้งกลาง,รวมจำนวน,จำนวนชุด,อาคาร,จำนวนเต็นท์,การเดินทาง.ที่จอดรถ,เดินทาง.รถไฟฟ้าใต้ดิน,การเดินทาง.รถโดยสารประจำทาง,การเดินทาง.เรือโดยสาร,การเดินทาง.note,การเดินทาง.images,แผนผังการเลือกตั้ง.images,แผนผังการเลือกตั้ง.clips
กรุงเทพมหานคร,1,สัมพันธวงศ์,บริเวณสำนักงานเขตสัมพันธวงศ์ แขวงตลาดน้อย,2305,5,0,10,,,,,,กรุงเทพ_สัมพันธวงศ์_1.jpg,,
กรุงเทพมหานคร,1,ป้อมปราบศัตรูพ่าย,บริเวณสำนักงานเขตป้อมปราบศัตรูพ่าย แขวงวัดโสมนัส,3997,8,0,16,,,,,,กรุงเทพ_ป้อมปราบศัตรูพ่าย_1.jpg,,
กรุงเทพมหานคร,1,พระนคร,บริเวณลานจอดรถสำนักงานเขตพระนคร แขวงวัดสามพระยา,5705,11,0,22,,,,,,กรุงเทพ_พระนคร_1.jpg,,
กรุงเทพมหานคร,1,บางรัก,บริเวณสโมสรสมาคมใหหนำแห่งประเทศไทย แขวงสี่พระยา,6889,14,0,28,,,,,,กรุงเทพ_บางรัก_1.jpg,,
กรุงเทพมหานคร,1,ดุสิต,บริเวณภายในวชิราวุธวิทยาลัย แขวงดุสิต,11785,24,0,48,,,,,,กรุงเทพ_ดุสิต_1.jpg,,
กรุงเทพมหานคร,2,สาทร,บริเวณสวนหย่อมและลานกีฬาใต้ทางด่วน ซอยอยู่ดี แขวงทุ่งวัดดอน,10117,20,0,40,,,,,,,กรุงเทพ_สาทร_1.jpg,
กรุงเทพมหานคร,2,ราชเทวี,บริเวณสำนักงานเขตราชเทวี แขวงทุ่งพญาไท,22403,45,0,90,,,,,,กรุงเทพ_ราชเทวี_1.jpg,,
กรุงเทพมหานคร,2,ปทุมวัน,บริเวณชั้น 1 อาคารนิมิบุตร แขวงวังใหม่,22909,46,0,92,,,,,,กรุงเทพ_ปทุมวัน_1.jpg,,
กรุงเทพมหานคร,3,บางคอแหลม,บริเวณสำนักงานเขตบางคอแหลม แขวงบางคอแหลม,7748,15,0,30,,,,,,กรุงเทพ_บางคอแหลม_1.jpg,,
กรุงเทพมหานคร,3,ยานนาวา,เต็นท์ลานจอดรถโลตัสพระราม 3 (ฝั่งถนนนราธิวาสราชนครินทร์) แขวงช่องนนทรี,17604,35,0,70,,,,,,กรุงเทพ_ยานนาวา_1.jpg,,
กรุงเทพมหานคร,4,คลองเตย,บริเวณสำนักงานเขตคลองเตย แขวงคลองเตย,12380,25,0,50,,,,,,กรุงเทพ_คลองเตย_1.jpg,กรุงเทพ_คลองเตย_1.jpg,
กรุงเทพมหานคร,4,วัฒนา,โรงแรมแอมบาสซาเดอร์ กรุงเทพฯ แขวงคลองเตยเหนือ,13188,26,0,32,,,,,,กรุงเทพ_วัฒนา_1.jpg,,
กรุงเทพมหานคร,5,ห้วยขวาง,อาคารและเต็นท์บริเวณสำนักงานเขตห้วยขวาง แขวงห้วยขวาง,32419,65,0,130,,,,,,,,
กรุงเทพมหานคร,6,พญาไท,อาคารลานอเนกประสงค์ กรมประชาสัมพันธ์ แขวงพญาไท,18455,37,0,74,,,,,,กรุงเทพ_พญาไท_1.jpg,,https://www.facebook.com/reel/1336714638223909
กรุงเทพมหานคร,6,ดินแดง,อาคารกีฬาเวสน์ 1 และ อาคารกีฬาเวสน์ 2 ศูนย์เยาวชนกรุงเทพมหานคร (ไทย-ญี่ปุ่น),28940,58,0,116,,,,,,,,
กรุงเทพมหานคร,7,บางซื่อ,บริเวณสำนักงานเขตบางซื่อ แขวงบางซื่อ,26484,53,0,106,,,,,,กรุงเทพ_บางซื่อ_1.jpg,กรุงเทพ_บางซื่อ_1.jpg,
กรุงเทพมหานคร,8,หลักสี่,บริเวณสำนักงานเขตหลักสี่ แขวงทุ่งสองห้อง,25721,51,0,102,,,,,,กรุงเทพ_หลักสี่_1.jpg,,
กรุงเทพมหานคร,9,จตุจักร,บริเวณมหาวิทยาลัยราชภัฏจันทรเกษม แขวงจันทรเกษม,51719,103,0,206,,,,,,กรุงเทพ_จตุจักร_1.jpg,,
กรุงเทพมหานคร,10,ดอนเมือง,บริเวณลานจอดรถ สำนักงานเขตดอนเมือง แขวงดอนเมือง,16851,34,0,68,,,,,,กรุงเทพ_ดอนเมือง_1.jpg,,
กรุงเทพมหานคร,11,สายไหม,บริเวณลานจอดรถวัดหนองใหญ่ แขวงสายไหม,13589,27,0,54,,,,,,กรุงเทพ_สายไหม_1.jpg,,
กรุงเทพมหานคร,12,บางเขน,เต็นท์บริเวณลานจอดรถวัดศิริพงษ์ธรรมนิมิต แขวงท่าแร้ง,19839,40,0,80,,,,,,กรุงเทพ_บางเขน_1.jpg,กรุงเทพ_บางเขน_1.jpg,
กรุงเทพมหานคร,13,ลาดพร้าว,เต็นท์บริเวณโรงเรียนสตรีวิทยา 2 แขวงลาดพร้าว,15640,31,0,62,,,,,,กรุงเทพ_ลาดพร้าว_1.jpg,,
กรุงเทพมหานคร,14,วังทองหลาง,บริเวณชั้น 4 ศูนย์การค้าอิมพีเรียลเวิลด์ ลาดพร้าว แขวงคลองเจ้าคุณสิงห์,24150,48,0,96,,,,,,กรุงเทพ_วังทองหลาง_1.jpg,,
กรุงเทพมหานคร,14,บางกะปิ,บริเวณพื้นที่โครงการตะวันนาบางกะปิ (ตะวันนา 2) แขวงคลองจั่น,58684,117,0,234,,,,,,กรุงเทพ_บางกะปิ_1.jpg,,
กรุงเทพมหานคร,15,บึงกุ่ม,บริเวณสำนักงานเขตบึงกุ่ม แขวงคลองกุ่ม,10094,20,0,40,,,,,,กรุงเทพ_บึงกุ่ม_1.jpg,"กรุงเทพ_บึงกุ่ม_1.jpg, กรุงเทพ_บึงกุ่ม_2.jpg",
กรุงเทพมหานคร,15,คันนายาว,บริเวณสำนักงานเขตคันนายาว แขวงคันนายาว,10764,22,0,44,,,,,,"กรุงเทพ_คันนายาว_1.jpg, กรุงเทพ_คันนายาว_2.jpg",,
กรุงเทพมหานคร,16,คลองสามวา,บริเวณลานจอดรถสำนักงานเขตคลองสามวา แขวงบางชัน,14353,29,0,58,,,,,,กรุงเทพ_คลองสามวา_1.jpg,กรุงเทพ_คลองสามวา_1.jpg,
กรุงเทพมหานคร,17,หนองจอก,บริเวณโรงเรียนวัดหนองจอก (ภักดีนรเศรษฐ) แขวงกระทุ่มราย,9698,19,0,38,,,,,,กรุงเทพ_คลองสามวา_1.jpg,,
กรุงเทพมหานคร,18,มีนบุรี,บริเวณวัดใหม่ลำนกแขวก แขวงแสนแสบ,9138,18,0,36,,,,,,กรุงเทพ_มีนบุรี_1.jpg,,
กรุงเทพมหานคร,19,สะพานสูง,บริเวณลานจอดรถ สำนักงานเขตสะพานสูง และศูนย์นันทนาการสะพานสูง,9642,19,0,38,,,,,,กรุงเทพ_สะพานสูง _1.jpg,,
กรุงเทพมหานคร,20,ลาดกระบัง,บริเวณลานจอดรถสำนักงานเขตลาดกระบัง (ชั่วคราว) ระหว่างซอย 54 กับซอย 56,38548,77,0,154,,,,,,,,
กรุงเทพมหานคร,21,ประเวศ,มหาวิทยาลัยรามคำแหง 2 แขวงดอกไม้,19490,39,0,78,,,,,,กรุงเทพ_ประเวศ_1.jpg,,
กรุงเทพมหานคร,22,สวนหลวง,บริเวณสำนักงานเขตสวนหลวง แขวงพัฒนาการ,23304,47,0,94,,,,,,กรุงเทพ_สวนหลวง _1.jpg,,
กรุงเทพมหานคร,23,พระโขนง,โรงเรียนพระโขนงพิทยาลัย แขวงพระโขนงใต้,17992,36,0,72,,,,,,กรุงเทพ_พระโขนง_1.jpg,,
กรุงเทพมหานคร,23,บางนา,บริเวณถนนด้านหน้าสำนักงานเขตบางนา แขวงบางนาเหนือ,25567,51,0,102,,,,,,,,
กรุงเทพมหานคร,24,คลองสาน,บริเวณสวนป่าเฉลิมพระเกียรติใต้สะพานสมเด็จพระเจ้าตากสินมหาราช,11792,24,0,48,,,,,,"กรุงเทพ_คลองสาน_1.jpg, กรุงเทพ_คลองสาน_2.jpg, กรุงเทพ_คลองสาน_3.jpg",กรุงเทพ_คลองสาน_1.jpg,
กรุงเทพมหานคร,25,ราษฎร์บูรณะ,สำนักงานเขตราษฎร์บูรณะ แขวงราษฎร์บูรณะ,7760,16,0,32,,,,,,,,
กรุงเทพมหานคร,25,ทุ่งครุ,ศูนย์กีฬาเฉลิมพระเกียรติ ฯ (บางมด) แขวงบางมด,10812,22,0,44,,,,,,กรุงเทพ_ทุ่งครุ_1.jpg,,
กรุงเทพมหานคร,26,จอมทอง,บริเวณสำนักงานเขตจอมทอง แขวงบางมด,7672,15,0,30,,,,,,,,
กรุงเทพมหานคร,27,บางขุนเทียน,ห้องพระราม 2 ฮอลล์ ชั้น 4 ศูนย์การค้าเซ็นทรัลพลาซา พระราม 2,25737,51,0,102,,,,,,,,
กรุงเทพมหานคร,28,บางบอน,วิทยาลัยเทคนิคราชสิทธาราม แขวงบางบอนเหนือ,7339,15,0,30,,,,,,กรุงเทพ_บางบอน_1.jpg,กรุงเทพ_บางบอน_1.jpg,
กรุงเทพมหานคร,29,หนองแขม,บริเวณสำนักงานเขตหนองแขม แขวงหนองค้างพลู,11885,24,0,48,,,,,,,,
กรุงเทพมหานคร,30,ภาษีเจริญ,บริเวณลานจอดรถด้านหลังอาคารสำนักงานเขตภาษีเจริญ แขวงบางหว้า ,13475,27,0,54,,,,,,,,
กรุงเทพมหานคร,30,บางแค,บริเวณด้านหน้าและด้านข้างสำนักงานเขตบางแค แขวงบางแค,13692,27,0,54,,,,,,,,
กรุงเทพมหานคร,31,ตลิ่งชัน,บริเวณสำนักงานเขตตลิ่งชัน แขวงคลองชักพระ,7634,15,0,30,,,,,,กรุงเทพ_ตลิ่งชัน_1.jpg,กรุงเทพ_ตลิ่งชัน_1.jpg,
กรุงเทพมหานคร,31,ทวีวัฒนา,บริเวณสำนักงานเขตทวีวัฒนา แขวงทวีวัฒนา,10383,21,0,42,,,,,,กรุงเทพ_ทวีวัฒนา_1.jpg,,
กรุงเทพมหานคร,32,บางกอกใหญ่,บริเวณวิทยาลัยเทคโนโลยีสยาม แขวงวัดท่าพระ,8836,18,0,36,,,,,,กรุงเทพ_บางกอกใหญ่_1.jpg,กรุงเทพ_บางกอกใหญ่_1.jpg,
กรุงเทพมหานคร,32,ธนบุรี,ศูนย์นันทนาการวัดเวฬุราชิณ แขวงบางยี่เรือ,12659,25,0,50,,,,,,กรุงเทพ_ธนบุรี_1.jpg,,
กรุงเทพมหานคร,33,บางกอกน้อย,บริเวณลานเอนกประสงค์ สำนักงานเขตบางกอกน้อย แขวงบางขุนนนท์,17711,35,0,70,,,,,,กรุงเทพ_บางกอกน้อย_1.jpg,,https://www.facebook.com/reel/761282496475276
กรุงเทพมหานคร,33,บางพลัด,บริเวณใต้สะพานพระราม 8 (ฝั่งธนบุรี) แขวงบางยี่ขัน,19177,38,0,76,,,,,,กรุงเทพ_บางพลัด_1.jpg,กรุงเทพ_บางพลัด_1.jpg,
จังหวัดกระบี่,1,,หอประชุมโรงเรียนอนุบาลกระบี่ (ท่าเรือ),4688,9,1,18,,,,,,,,
จังหวัดกระบี่,2,,หอประชุมโรงเรียนอ่าวลึกประชาสรรค์,738,1,1,-,,,,,,,,
จังหวัดกระบี่,3,,หอประชุมโรงเรียนคลองท่อมราษฎร์รังสรรค์ อำเภอคลองท่อม,1148,2,1,-,,,,,,,,
จังหวัดกาญจนบุรี,1,,ศาลา 60 พรรษามหาราช,5522,11,0,22,,,,,,,,
จังหวัดกาญจนบุรี,2,,หอประชุมอำเภอท่าม่วง (สโมสรอำเภอท่าม่วง),2532,5,1,10,,,,,,,,
จังหวัดกาญจนบุรี,3,,ศาลาประชาคมอำเภอท่ามะกา,1212,2,0,4,,,,,,,,
จังหวัดกาญจนบุรี,4,,ศาลาประชาคมอำเภอเลาขวัญ,425,1,0,2,,,,,,,,
จังหวัดกาญจนบุรี,5,,หอประชุมอำเภอไทรโยค,1166,2,1,4,,,,,,,,
จังหวัดกาฬสินธุ์,1,,หอประชุมเฉลิมพระเกียรติ 80 พรรษามหาราชา,1502,3,1,6,,,,,,,,
จังหวัดกาฬสินธุ์,2,,หอประชุมอำเภอยางตลาด,415,1,1,1,,,,,,,,
จังหวัดกาฬสินธุ์,3,,หอประชุมอำเภอหนองกุงศรี,261,1,1,1,,,,,,,,
จังหวัดกาฬสินธุ์,4,,อาคารอเนกประสงค์ ที่ว่าการอำเภอสมเด็จ,954,2,1,2,,,,,,,,
จังหวัดกาฬสินธุ์,5,,หอประชุมอำเภอกมลาไสย,325,1,1,1,,,,,,,,
จังหวัดกาฬสินธุ์,6,,หอประชุมอำเภอกุฉินารายณ์,579,1,1,1,,,,,,,,
จังหวัดกำแพงเพชร,1,,ศาลาอเนกประสงค์วัดพระบรมธาตุ พระอารามหลวง,3009,6,1,0,,,,,,,,
จังหวัดกำแพงเพชร,2,,โดมเจ้าคุณทองดี โรงเรียนพรานกระต่ายพิทยาคม,594,1,1,0,,,,,,,,
จังหวัดกำแพงเพชร,3,,โดมหน้าที่ทำการองค์การบริหารส่วนตำบลคลองขลุง,1028,2,1,0,,,,,,,,
จังหวัดกำแพงเพชร,4,,หอประชุมเฉลิมพระเกียรติ 80 พรรษา,512,1,1,0,,,,,,,,
จังหวัดขอนแก่น,1,,ศูนย์ประชุมและแสดงสินค้านานาชาติขอนแก่น (ไคซ์),17815,36,1,46,,,,,,,,
จังหวัดขอนแก่น,2,,หอประชุมโรงเรียนขามแก่นนคร,14266,29,1,20,,,,,,,,
จังหวัดขอนแก่น,3,,หอประชุมอำเภอกระนวน,371,1,1,1,,,,,,,,
จังหวัดขอนแก่น,4,,หอประชุม 100 ปี อำเภอน้ำพอง,892,2,1,1,,,,,,,,
จังหวัดขอนแก่น,5,,หอประชุมอำเภอภูเวียง,429,1,1,1,,,,,,,,
จังหวัดขอนแก่น,6,,หอประชุมอำเภอชุมแพ,1342,3,1,2,,,,,,,,
จังหวัดขอนแก่น,7,,หอประชุมอำเภอหนองเรือ,519,1,1,1,,,,,,,,
จังหวัดขอนแก่น,8,,หอประชุมอำเภอมัญจาคีรี,345,1,1,1,,,,,,,,
จังหวัดขอนแก่น,9,,หอประชุมอำเภอพล,677,1,1,1,,,,,,,,
จังหวัดขอนแก่น,10,,หอประชุมอำเภอหนองสองห้อง,243,1,1,1,,,,,,,,
จังหวัดขอนแก่น,11,,หอประชุมอำเภอบ้านไผ่,954,2,1,1,,,,,,,,
จังหวัดจันทบุรี,1,,อาคารอเนกประสงค์เทศบาลตำบลพลับพลานารายณ์,6488,13,1,26,,,,,,,,
จังหวัดจันทบุรี,2,,"อาคารอเนกประสงค์ โรงเรียนท่าใหม่ ""พูลสวัสดิ์ราษฎร์นุกูล""",3256,7,1,14,,,,,,,,
จังหวัดจันทบุรี,3,,ศาลาวัดโป่งโรเซ็น,1206,2,1,4,,,,,,,,
จังหวัดฉะเชิงเทรา,1,,อาคารศาลาจัตุรมุข และสนามบริเวณโดยรอบ หน้าศาลากลางจังหวัด,9591,19,1,40,,,,,,,,
จังหวัดฉะเชิงเทรา,2,,หอประชุมอำเภอบางน้ำเปรี้ยว (หลังใหม่) ที่ว่าการอำเภอบางน้ำเปรี้ยว,1067,2,1,2,,,,,,,,
จังหวัดฉะเชิงเทรา,3,,หอประชุมอำเภอพนมสารคาม ที่ว่าการอำเภอพนมสารคาม,4132,8,1,8,,,,,,,,
จังหวัดฉะเชิงเทรา,4,,หอประชุมอำเภอบางปะกง และบริเวณลานหน้าที่ว่าการอำเภอบางปะกง,10791,22,1,44,,,,,,,,
จังหวัดชลบุรี,1,,บริเวณหน้าศาลากลางจังหวัดชลบุรี อำเภอเมืองชลบุรี,34001,68,0,50,,,,,,,,
จังหวัดชลบุรี,2,,ลานกีฬาในร่มเทศบาลนครบ้านสวน อำเภอเมืองชลบุรี,10521,21,0,18,,,,,,,,
จังหวัดชลบุรี,3,,อาคารโดมโรงเรียนพานทองสภาชนูปถัมภ์ อำเภอพานทอง,21612,43,1,0,,,,,,,,
จังหวัดชลบุรี,4,,"อาคารโดมโรงเรียนบ้านบึง ""อุตสาหกรรมนุเคราะห์"" อำเภอบ้านบึง",10926,22,1,0,,,,,,,,
จังหวัดชลบุรี,5,,หอประชุมสวนสาธารณะเฉลิมพระเกียรติเทศบาลเมืองพนัสนิคม อำเภอพนัสนิคม,5089,10,1,0,,,,,,,,
จังหวัดชลบุรี,6,,อาคารเรียนและอาคารโดมโรงเรียนเทศบาลบ้านศรีมหาราชา อำเภอศรีราชา,27075,54,1,12,,,,,,,,
จังหวัดชลบุรี,7,,บริเวณวัดพันเสด็จนอก อำเภอศรีราชา,26140,52,0,52,,,,,,,,
จังหวัดชลบุรี,8,,สนามกีฬาโรงเรียนเมืองพัทยา 2 อำเภอบางละมุง,7512,15,0,30,,,,,,,,
จังหวัดชลบุรี,8,,อาคารโดมโรงเรียนบางละมุง อำเภอบางละมุง,16054,32,1,64,,,,,,,,
จังหวัดชลบุรี,9,,อาคารโดมโรงเรียนเมืองพัทยา 7 อำเภอบางละมุง,10059,20,1,40,,,,,,,,
จังหวัดชลบุรี,10,,อาคารโดมโรงเรียนสิงห์สมุทร ฝั่งมัธยมปลาย อำเภอสัตหีบ,6818,14,1,28,,,,,,,,
จังหวัดชัยนาท,1,,โดมโรงเรียนชัยนาทพิทยาคม อำเภอเมืองชัยนาท,1909,4,0,8,,,,,,,,
จังหวัดชัยนาท,2,,โดมโรงเรียนหันคาพิทยาคม อำเภอหันคา,517,1,0,2,,,,,,,,
จังหวัดชัยภูมิ,1,,โดมสามเศียร มหาวิทยาลัยการกีฬาแห่งชาติ วิทยาเขตชัยภูมิ อำเภอเมืองชัยภูมิ,2319,5,1,6,,,,,,,,
จังหวัดชัยภูมิ,2,,อาคารศูนย์กีฬาเฉลิมพระเกียรติเทศบาลตำบลจัตุรัส อำเภอจัตุรัส,569,1,1,0,,,,,,,,
จังหวัดชัยภูมิ,3,,หอประชุมอำเภอบำเหน็จณรงค์,562,1,1,0,,,,,,,,
จังหวัดชัยภูมิ,4,,หอประชุมอำเภอหนองบัวแดง (หลังใหม่),401,1,1,0,,,,,,,,
จังหวัดชัยภูมิ,5,,อาคารอเนกประสงค์หน้าที่ว่าการอำเภอเกษตรสมบูรณ์,304,1,1,0,,,,,,,,
จังหวัดชัยภูมิ,6,,หอประชุมอำเภอภูเขียว,565,1,1,0,,,,,,,,
จังหวัดชัยภูมิ,7,,หอประชุมอำเภอแก้งคร้อ,435,1,1,0,,,,,,,,
จังหวัดชุมพร,1,,อาคาร 9 และอาคารอเนกประสงค์โดมเพื่องฟ้า โรงเรียนสอาดเผดิมวิทยา,3516,7,0,14,,,,,,,,
จังหวัดชุมพร,2,,หอประชุมอเนกประสงค์โรงเรียนท่าแซะรัชดาภิเษก อำเภอท่าแซะ,1343,3,0,6,,,,,,,,
จังหวัดชุมพร,3,,หอประชุมอำเภอหลังสวน,2014,4,0,8,,,,,,,,
จังหวัดเชียงราย,1,,หอประชุมกาสะลองคำ มหาวิทยาลัยราชภัฏเชียงราย,8584,17,1,10,,,,,,,,
จังหวัดเชียงราย,2,,อาคารพลเอกสำเภา ชูศรี(E๔) มหาวิทยาลัยแม่ฟ้าหลวง,8516,17,1,12,,,,,,,,
จังหวัดเชียงราย,3,,หอประชุมที่ว่าการอำเภอแม่สรวย,722,1,1,0,,,,,,,,
จังหวัดเชียงราย,4,,หอประชุมองค์การบริหารส่วนตำบลเมืองพาน,1096,2,1,0,,,,,,,,
จังหวัดเชียงราย,5,,หอประชุมที่ว่าการอำเภอขุนตาล,842,2,1,0,,,,,,,,
จังหวัดเชียงราย,6,,หอประชุมที่ว่าการอำเภอแม่สาย,1924,4,1,0,,,,,,,,
จังหวัดเชียงราย,7,,หอประชุมที่ว่าการอำเภอเชียงแสน,913,2,1,0,,,,,,,,
จังหวัดเชียงใหม่,1,,ศูนย์ประชุมและแสดงสินค้านานาชาติเฉลิมพระเกียรติ 7 รอบพระชนมพรรษา,50170,100,0,200,,,,,,,,
จังหวัดเชียงใหม่,2,,โรงเรียนสารภิพิทยาคม ตำบลยางเนิ้ง,5440,11,1,0,,,,,,,,
จังหวัดเชียงใหม่,3,,โรงเรียนบ้านหนองโค้ง ตำบลต้นเปา อำเภอสันกำแพง,6207,12,1,0,,,,,,,,
จังหวัดเชียงใหม่,4,,อาคารแม่พืช (โดมมหาวิทยาลัยแม่โจ้),13539,27,1,0,,,,,,,,
จังหวัดเชียงใหม่,5,,หอประชุมที่ว่าการอำเภอแม่ริม,4608,9,1,0,,,,,,,,
จังหวัดเชียงใหม่,6,,หอประชุมเทศบาลตำบลเชียงดาว อำเภอเชียงดาว,1303,3,1,0,,,,,,,,
จังหวัดเชียงใหม่,7,,อาคารมงคลศาลเจ้าฝาง,1907,4,1,0,,,,,,,,
จังหวัดเชียงใหม่,8,,อาคารอเนกประสงค์ สนามกีฬาเทศบาลตำบลสันผักหวาน อำเภอหางดง,6292,13,1,12,,,,,,,,
จังหวัดเชียงใหม่,9,,โรงเรียนศรีจอมทอง อำเภอจอมทอง,1054,2,1,4,,,,,,,,
จังหวัดเชียงใหม่,10,,หอประชุมเฉลิมพระเกียรติ ที่ว่าการอำเภอฮอด,532,1,1,0,,,,,,,,
จังหวัดตรัง,1,,อาคารอเนกประสงค์สวนสาธารณะสมเด็จพระศรีนครินทร์,2950,6,1,0,,,,,,,,
จังหวัดตรัง,2,,สนามแบดมินตัน อำเภอห้วยยอด,611,1,1,0,,,,,,,,
จังหวัดตรัง,3,,หอประชุมโรงเรียนสวัสดิ์รัตนาภิมุข,589,1,1,0,,,,,,,,
จังหวัดตรัง,4,,อาคารคอซิมบี้ เทศบาลเมืองกันตัง,418,1,1,0,,,,,,,,
จังหวัดตราด,1,,ศูนย์แสดงสินค้าองค์การบริหารส่วนจังหวัดตราด,3333,7,1,14,,,,,,,,
จังหวัดตาก,1,,อาคาร 111 ปี โรงเรียนตากพิทยาคม,2607,5,1,0,,,,,,,,
จังหวัดตาก,2,,ศูนย์กลางการแสดงสินค้าและศูนย์ประชุมเพื่อส่งเสริมการท่องเที่ยว,3148,6,1,0,,,,,,,,
จังหวัดตาก,3,,หอประชุมที่ว่าการอำเภอแม่ระมาด,1280,3,1,6,,,,,,,,
จังหวัดนครนายก,1,,โรงเรียนนครนายกวิทยาคม,3159,6,1,,,,,,,,,
จังหวัดนครนายก,2,,อาคารอเนกประสงค์ศูนย์กีฬาเทศบาลตำบลองครักษ์,3170,6,1,,,,,,,,,
จังหวัดนครปฐม,1,,ประรำหน้าอาคารอเนกประสงค์กองร้อยอาสารักษาดินแดนจังหวัดนครปฐม,1049,2,1,4,,,,,,,,
จังหวัดนครปฐม,2,,บริเวณองค์พระปฐมเจดีย์ ซุ้มพุทธมามกะ,12601,25,1,50,,,,,,,,
จังหวัดนครปฐม,3,,หอประชุมที่ทำการอำเภอกำแพงแสน,4845,10,1,20,,,,,,,,
จังหวัดนครปฐม,4,,หอประชุมศาลาประชาคมอำเภอบางเลน,1548,3,1,6,,,,,,,,
จังหวัดนครปฐม,5,,ประรำด้านข้างหอประชุมอำเภอนครชัยศรี,4865,10,0,20,,,,,,,,
จังหวัดนครปฐม,6,,อาคารปฏิบัติธรรมเฉลิมพระเกียรติ 84 พรรษา มหาราชา วัดไร่ขิงฝั่ง,12398,25,1,50,,,,,,,,
จังหวัดนครพนม,1,,หอประชุมอำเภอศรีสงคราม,545,1,1,0,,,,,,,,
จังหวัดนครพนม,2,,หอประชุมอำเภอท่าอุเทน,333,1,1,0,,,,,,,,
จังหวัดนครพนม,2,,ศาลาประชาคมยงใจยุทธ อำเภอเมืองนครพนม,2475,5,1,0,,,,,,,,
จังหวัดนครพนม,3,,หอประชุมโรงเรียนคำเตยอุปถัมภ์,233,1,1,0,,,,,,,,
จังหวัดนครพนม,3,,โดมวิทยาลัยธาตุพนม ม.นครพนม,757,2,1,0,,,,,,,,
จังหวัดนครพนม,4,,หอประชุมอำเภอปลาปาก,348,1,1,0,,,,,,,,
จังหวัดนครราชสีมา,1,,โคราช ฮอลล์ ชั้น 4 ศูนย์การค้าเซ็นทรัลพลาซานครราชสีมา อำเภอเมือง,20203,40,1,1,,,,,,,,
จังหวัดนครราชสีมา,2,,ศูนย์ฝึกอบรมตำรวจภูธร ภาค 3 อำเภอเมืองนครราชสีมา,2270,5,1,1,,,,,,,,
จังหวัดนครราชสีมา,3,,เทศบาลตำบลเมืองใหม่โคกกรวด อำเภอเมืองนครราชสีมา,2670,5,1,1,,,,,,,,
จังหวัดนครราชสีมา,4,,หอประชุมอำเภอสูงเนิน,1405,3,1,1,,,,,,,,
จังหวัดนครราชสีมา,5,,หอประชุมอำเภอโนนสูง,393,1,1,1,,,,,,,,
จังหวัดนครราชสีมา,6,,หอประชุมอำเภอบัวใหญ่,566,1,1,1,,,,,,,,
จังหวัดนครราชสีมา,7,,หอประชุมอำเภอประทาย,368,1,1,1,,,,,,,,
จังหวัดนครราชสีมา,8,,หอประชุมอำเภอพิมาย,744,1,1,1,,,,,,,,
จังหวัดนครราชสีมา,9,,หอประชุมอำเภอจักราช,317,1,1,1,,,,,,,,
จังหวัดนครราชสีมา,10,,หอประชุมอำเภอโชคชัย,1525,3,1,1,,,,,,,,
จังหวัดนครราชสีมา,11,,หอประชุมอำเภอหนองบุญมาก,412,1,1,1,,,,,,,,
จังหวัดนครราชสีมา,12,,หอประชุมอำเภอปักธงชัย,1241,2,1,1,,,,,,,,
จังหวัดนครราชสีมา,13,,หอประชุมมหาดไทย 100 ปี อำเภอสีคิ้ว,1243,2,1,1,,,,,,,,
จังหวัดนครราชสีมา,14,,ศาลาประชาคมเมืองปากช่อง,5722,11,1,1,,,,,,,,
จังหวัดนครราชสีมา,15,,หอประชุมอำเภอด่านขุนทด,703,1,1,1,,,,,,,,
จังหวัดนครราชสีมา,16,,หอประชุมอำเภอคง,321,1,1,1,,,,,,,,
จังหวัดนครศรีธรรมราช,1,,โรงเรียนกัลยาณีศรีธรรมราช (อาคารโดม) อำเภอเมืองนครศรีธรรมราช,4504,9,1,,,,,,,,,
จังหวัดนครศรีธรรมราช,2,,ศาลาประชาคมที่ว่าการอำเภอปากพนัง,569,1,1,,,,,,,,,
จังหวัดนครศรีธรรมราช,3,,ศาลาประชาคมที่ว่าการอำเภอเชียรใหญ่,364,1,1,,,,,,,,,
จังหวัดนครศรีธรรมราช,4,,หอประชุมโรงเรียนชะอวด อำเภอชะอวด,411,1,1,,,,,,,,,
จังหวัดนครศรีธรรมราช,5,,โรงยิมเนเซียมเทศบาลเมืองทุ่งสง อำเภอทุ่งสง,2199,4,1,,,,,,,,,
จังหวัดนครศรีธรรมราช,6,,โรงเรียนวัดท่ายาง อำเภอทุ่งใหญ่,580,1,1,,,,,,,,,
จังหวัดนครศรีธรรมราช,7,,ศาลาประชาคมที่ว่าการอำเภอช้างกลาง,597,1,1,,,,,,,,,
จังหวัดนครศรีธรรมราช,8,,หอประชุมอำเภอท่าศาลา,5252,11,1,,,,,,,,,
จังหวัดนครศรีธรรมราช,9,,หอประชุมที่ว่าการอำเภอสิชล (หลังเก่า),817,2,1,,,,,,,,,
จังหวัดนครสวรรค์,1,,อาคารกีฬาอเนกประสงค์ สนามกีฬาจังหวัดนครสวรรค์,6109,12,1,,,,,,,,,
จังหวัดนครสวรรค์,2,,อาคารอเนกประสงค์ (โดม) ที่ว่าการอำเภอพยุหะคีรี,786,2,1,,,,,,,,,
จังหวัดนครสวรรค์,3,,หอประชุมนิติธรรมคุณ โรงเรียนเก้าเลี้ยววิทยา,527,1,1,,,,,,,,,
จังหวัดนครสวรรค์,4,,ศาลาประชาคมอำเภอท่าตะโก,636,1,1,,,,,,,,,
จังหวัดนครสวรรค์,5,,ศาลาประชาคมอำเภอตาคลี,1133,2,1,,,,,,,,,
จังหวัดนครสวรรค์,6,,ศาลาประชาคมอำเภอลาดยาว,659,1,1,,,,,,,,,
จังหวัดนนทบุรี,1,,บริษัท โทรคมนาคมแห่งชาติ จำกัด (มหาชน) ศูนย์โทรคมนาคม นนทบุรี,27056,54,0,108,,,,,,,,
จังหวัดนนทบุรี,2,,เทศบาลเมืองบางศรีเมือง อำเภอเมืองนนทบุรี,11286,23,1,0,,,,,,,,
จังหวัดนนทบุรี,3,,ศาลาอเนกประสงค์ องค์การบริหารส่วนตำบลบางขุนกอง อำเภอบางกรวย,5686,11,1,0,,,,,,,,
จังหวัดนนทบุรี,4,,ริมทะเลสาบ เมืองทองธานี อำเภอปากเกร็ด,21109,42,0,84,,,,,,,,
จังหวัดนนทบุรี,5,,วัดสาลีโขภิตาราม ตำบลบางพลับ อำเภอปากเกร็ด,6130,12,1,0,,,,,,,,
จังหวัดนนทบุรี,6,,เทศบาลเมืองบางแม่นาง อำเภอบางใหญ่,9489,19,1,0,,,,,,,,
จังหวัดนนทบุรี,7,,เทศบาลเมืองพิมลราช อำเภอบางบัวทอง,9946,20,1,0,,,,,,,,
จังหวัดนนทบุรี,8,,เทศบาลเมืองบางคูรัด อำเภอบางบัวทอง,4900,10,1,0,,,,,,,,
จังหวัดนราธิวาส,1,,อาคาร 6 โรงเรียนนราธิวาส อำเภอเมืองนราธิวาส,2362,5,1,0,,,,,,,,
จังหวัดนราธิวาส,2,,อาคารรื่นอรุณ เทศบาลเมืองสุไหงโก-ลก อำเภอสุไหงโก-ลก,2242,4,1,4,,,,,,,,
จังหวัดนราธิวาส,3,,หอประชุมโรงเรียนมัธยมสุไหงปาดี,374,1,1,0,,,,,,,,
จังหวัดนราธิวาส,4,,หอประชุมอำเภอระแงะ,1102,2,1,0,,,,,,,,
จังหวัดนราธิวาส,5,,หอประชุมกาญจนาภิเษกอำเภอบาเจาะ,966,2,1,0,,,,,,,,
จังหวัดน่าน,1,,หอประชุมอาคาร 84 ปี โรงเรียนศรีสวัสดิ์วิทยาคาร อำเภอเมืองน่าน,2344,5,1,0,,,,,,,,
จังหวัดน่าน,2,,โดมกิจกรรม โรงเรียนราชประชานุเคราะห์ ๕๖ อำเภอเวียงสา จังหวัด,608,1,1,0,,,,,,,,
จังหวัดน่าน,3,,ห้องประชุมชมพูภูคา วิทยาลัยเทคนิคปัว อำเภอปัว จังหวัดน่าน,1107,2,1,0,,,,,,,,
จังหวัดบึงกาฬ,1,,อาคารสำราญรมย์ โรงเรียนบึงกาฬ อำเภอเมืองบึงกาฬ,1610,3,1,0,,,,,,,,
จังหวัดบึงกาฬ,2,,หอประชุมเทศบาลตำบลบึงโขงหลง,504,1,1,0,,,,,,,,
จังหวัดบึงกาฬ,3,,หอประชุมโรงเรียนอนุบาลโซ่พิสัย,380,1,1,0,,,,,,,,
จังหวัดบุรีรัมย์,1,,หอประชุมอำเภอเมืองบุรีรัมย์ ตำบลในเมือง อำเภอเมืองบุรีรัมย์,2754,6,1,0,,,,,,,,
จังหวัดบุรีรัมย์,2,,หอประชุมโรงเรียนภัทรบพิตร,1210,2,1,0,,,,,,,,
จังหวัดบุรีรัมย์,3,,หอประชุมอำเภอกระสัง,240,1,1,0,,,,,,,,
จังหวัดบุรีรัมย์,4,,หอประชุมโรงเรียนบ้านสตึก,485,1,1,0,,,,,,,,
จังหวัดบุรีรัมย์,5,,หอประชุมโรงเรียนอนุบาลพุทไธสง,342,1,1,0,,,,,,,,
จังหวัดบุรีรัมย์,6,,หอประชุมอำเภอลำปลายมาศ,488,1,1,0,,,,,,,,
จังหวัดบุรีรัมย์,7,,อาคารเฉลิมพระเกียรติ ชั้น 1 โรงเรียนหนองกี่พิทยาคม,340,1,1,0,,,,,,,,
จังหวัดบุรีรัมย์,8,,หอประชุมอำเภอนางรอง,961,2,1,0,,,,,,,,
จังหวัดบุรีรัมย์,9,,อาคารโดมอเนกประสงค์เทศบาลตำบลละหานทราย,458,1,1,0,,,,,,,,
จังหวัดบุรีรัมย์,10,,หอประชุมอำเภอประโคนชัย,1750,4,1,0,,,,,,,,
จังหวัดปทุมธานี,1,,อาคารโดมโรงเรียนบัวแก้วเกษร,4582,9,1,0,,,,,,,,
จังหวัดปทุมธานี,2,,โดมอเนกประสงค์ วิทยาลัยอาชีวศึกษาปทุมธานี,13624,27,1,0,,,,,,,,
จังหวัดปทุมธานี,3,,สำนักงานเทศบาลเมืองท่าโขลง,26752,54,1,0,,,,,,,,
จังหวัดปทุมธานี,4,,สนามฟุตบอลฟิวเจอร์อารีน่า,35944,72,0,130,,,,,,,,
จังหวัดปทุมธานี,5,,อาคารอเนกประสงค์เทศบาลเมืองคูคต,9640,19,1,4,,,,,,,,
จังหวัดปทุมธานี,6,,โดมเทศบาลเมืองลาดสวาย,7041,14,1,0,,,,,,,,
จังหวัดปทุมธานี,7,,มหาวิทยาลัยเทคโนโลยีราชมงคลธัญบุรี,15575,31,1,0,,,,,,,,
จังหวัดปทุมธานี,8,,มหาวิทยาลัยการกีฬาแห่งชาติ วิทยาเขตกรุงเทพ,1817,4,1,3,,,,,,,,
จังหวัดประจวบคีรีขันธ์,1,,หอประชุมโรงเรียนเทศบาลวัดธรรมิการาม(ปิยแหวนรังสรรค์) อำเภอ,2122,4,1,4,,,,,,,,
จังหวัดประจวบคีรีขันธ์,2,,บริเวณสนามหน้าที่ว่าการอำเภอปราณบุรี อำเภอปราณบุรี,8847,18,0,36,,,,,,,,
จังหวัดประจวบคีรีขันธ์,3,,หอประชุมที่ว่าการอำเภอบางสะพาน อำเภอบางสะพาน,1267,3,1,3,,,,,,,,
จังหวัดปราจีนบุรี,1,,โรงเรียนปราจิณราษฎรอำรุง อำเภอเมืองปราจีนบุรี,5357,11,1,0,,,,,,,,
จังหวัดปราจีนบุรี,2,,โรงเรียนศรีมหาโพธิ อำเภอศรีมหาโพธิ,9229,18,1,0,,,,,,,,
จังหวัดปราจีนบุรี,3,,สำนักงานเขตพื้นที่การศึกษาประถมศึกษาปราจีนบุรี เขต 2 เวทีคุรุ,2096,4,1,1,,,,,,,,
จังหวัดปัตตานี,1,,หอประชุมองค์การบริหารส่วนจังหวัดปัตตานี,3447,7,1,7,,,,,,,,
จังหวัดปัตตานี,2,,หอประชุมที่ว่าการอำเภอโคกโพธิ์,1823,4,1,4,,,,,,,,
จังหวัดปัตตานี,3,,หอประชุมที่ว่าการอำเภอยะรัง,831,2,1,2,,,,,,,,
จังหวัดปัตตานี,4,,หอประชุมที่ว่าการอำเภอสายบุรี,920,2,1,2,,,,,,,,
จังหวัดปัตตานี,5,,หอประชุมที่ว่าการอำเภอยะหริ่ง,934,2,1,2,,,,,,,,
จังหวัดพระนครศรีอยุธยา,1,,หอประชุมพระพิรุณโปรดเกล้า (มหาวิทยาลัยเทคโนโลยีราชมงคลสุ,14397,29,1,0,,,,,,,,
จังหวัดพระนครศรีอยุธยา,2,,อาคารสภาสุ โรงเรียนวัดอินกัลยา,1386,3,1,0,,,,,,,,
จังหวัดพระนครศรีอยุธยา,3,,ห้องประชุมโรงเรียนวิเชียรกลิ่นสุคนธ์อุปถัมภ์,3002,6,1,0,,,,,,,,
จังหวัดพระนครศรีอยุธยา,4,,"โรงเรียนบางปะอิน ""ราชานุเคราะห์ 1""",6800,14,1,0,,,,,,,,
จังหวัดพระนครศรีอยุธยา,5,,โดมเอนกประสงค์วัดบ้านแพน,1939,4,1,0,,,,,,,,
จังหวัดพะเยา,1,,ศาลาประชาคมจังหวัดพะเยา,1967,4,1,0,,,,,,,,
จังหวัดพะเยา,1,,อาคาร 99 ปี พระอุบาลีคุณูปมาจารย์ มหาวิทยาลัยพะเยา,11026,22,1,0,,,,,,,,
จังหวัดพะเยา,2,,หอประชุมโรงเรียนเชียงคำวิทยาคม,960,2,1,0,,,,,,,,
จังหวัดพะเยา,3,,หอประชุมโรงเรียนดอกคำใต้วิทยาคม,731,1,1,0,,,,,,,,
จังหวัดพังงา,1,,อาคารกีฬาคุณธรรม โรงเรียนเทศบาลบ้านท้ายช้าง อำเภอเมืองพังงา,1879,4,1,1,,,,,,,,
จังหวัดพังงา,2,,อาคารเอนกประสงค์เทศบาลตำบลลำแก่น อำเภอท้ายเหมือง,2571,5,1,1,,,,,,,,
จังหวัดพัทลุง,1,,อาคารอเนกประสงค์โรงเรียนสตรีพัทลุง,1727,3,1,0,,,,,,,,
จังหวัดพัทลุง,2,,หอประชุมอินทนิล โรงเรียนควนขนุน,1177,2,1,0,,,,,,,,
จังหวัดพัทลุง,3,,อาคารอเนกประสงค์โรงเรียนตะโหมด,575,1,1,0,,,,,,,,
จังหวัดพิจิตร,1,,หอประชุม อ.เมืองพิจิตร,2028,4,1,0,,,,,,,,
จังหวัดพิจิตร,2,,อาคารอเนกประสงค์ เทศบาลเมืองตะพานหิน,879,2,1,0,,,,,,,,
จังหวัดพิจิตร,3,,หอประชุม อ.โพทะเล,481,1,1,0,,,,,,,,
จังหวัดพิษณุโลก,1,,หอประชุมศรีวชิรโชติ มหาวิทยาลัยราชภัฏพิบูลสงคราม,17663,35,1,0,,,,,,,,
จังหวัดพิษณุโลก,2,,บริเวณศูนย์ประสานแผนพัฒนาท้องถิ่นประจำอำเภอพรหมพิราม,568,1,1,0,,,,,,,,
จังหวัดพิษณุโลก,3,,บริเวณศูนย์ประสานแผนพัฒนาท้องถิ่นประจำอำเภอวังทอง,1898,4,1,0,,,,,,,,
จังหวัดพิษณุโลก,4,,บริเวณศูนย์ประสานแผนพัฒนาท้องถิ่นประจำอำเภอบางระกำ,1045,2,1,0,,,,,,,,
จังหวัดพิษณุโลก,5,,บริเวณศูนย์ประสานแผนพัฒนาท้องถิ่นประจำอำเภอนครไทย,703,1,1,0,,,,,,,,
จังหวัดเพชรบุรี,1,,หอประชุมวิทยาลัยอาชีวศึกษาเพชรบุรี อำเภอเมืองเพชรบุรี,4113,8,1,8,,,,,,,,
จังหวัดเพชรบุรี,2,,โรงเรียนเทศบาล 1 บ้านชะอำ อำเภอชะอำ,3864,8,1,8,,,,,,,,
จังหวัดเพชรบุรี,3,,หอประชุมที่ว่าการอำเภอเขาย้อย อำเภอเขาย้อย,1158,2,1,2,,,,,,,,
จังหวัดเพชรบูรณ์,1,,หอประชุมองค์การบริหารส่วนจังหวัดเพชรบูรณ์,2683,5,1,0,,,,,,,,
จังหวัดเพชรบูรณ์,2,,หอประชุมอำเภอหล่มสัก,1261,3,1,3,,,,,,,,
จังหวัดเพชรบูรณ์,3,,โดมโรงเรียนหล่มเก่าพิทยาคม,395,1,1,0,,,,,,,,
จังหวัดเพชรบูรณ์,4,,หอประชุมอำเภอชนแดน,465,1,1,0,,,,,,,,
จังหวัดเพชรบูรณ์,5,,หอประชุมอำเภอบึงสามพัน,921,2,1,1,,,,,,,,
จังหวัดเพชรบูรณ์,6,,หอประชุมเทศบาลเมืองวิเชียรบุรี,923,2,1,1,,,,,,,,
จังหวัดแพร่,1,,โดมสนามฟุตซอลและสนามบาสเกตบอล(ข้างยิมเนเซียมแบดมินตัน),2425,5,1,0,,,,,,,,
จังหวัดแพร่,2,,หอประชุมโรงเรียนร้องกวางอนุสรณ์ อำเภอร้องกวาง จังหวัดแพร่,983,2,1,0,,,,,,,,
จังหวัดแพร่,3,,โดมอเนกประสงค์โรงเรียนลองวิทยา อำเภอลอง จังหวัดแพร่,348,1,1,0,,,,,,,,
จังหวัดภูเก็ต,1,,องค์การบริหารส่วนจังหวัดภูเก็ต (ศาลากลางจังหวัดภูเก็ตหลังเก่า),18114,36,0,72,,,,,,,,
จังหวัดภูเก็ต,2,,ห้างสรรพสินค้าโรบินสันไลฟ์สไตล์ ฉลอง ตำบลฉลอง อำเภอเมืองภูเก็ต,10112,20,0,40,,,,,,,,
จังหวัดภูเก็ต,3,,ห้างสรรพสินค้าโรบินสันไลฟ์สไตล์ ถลาง (ลานจอดรถด้านหน้าโซน A),13297,27,0,54,,,,,,,,
จังหวัดมหาสารคาม,1,,ใต้อาคารหอประชุม 80 พรรษา มหาวิทยาลัยราชภัฏมหาสารคาม,18727,37,1,30,,,,,,,,
จังหวัดมหาสารคาม,2,,หอประชุมที่ว่าการอำเภอวาปีปทุม,364,1,1,0,,,,,,,,
จังหวัดมหาสารคาม,3,,หอประชุมที่ว่าการอำเภอพยัคฆภูมิพิสัย,406,1,1,0,,,,,,,,
จังหวัดมหาสารคาม,4,,หอประชุมที่ว่าการอำเภอบรบือ,542,1,1,0,,,,,,,,
จังหวัดมหาสารคาม,5,,หอประชุมที่ว่าการอำเภอโกสุมพิสัย,405,1,1,0,,,,,,,,
จังหวัดมหาสารคาม,6,,หอประชุมที่ว่าการอำเภอเชียงยืน,355,1,1,0,,,,,,,,
จังหวัดมุกดาหาร,1,,หอประชุม 250 ปี มุกดาหาร,1849,4,1,0,,,,,,,,
จังหวัดมุกดาหาร,2,,ศาลาประชาคมอำเภอคำชะอี,466,1,1,0,,,,,,,,
จังหวัดแม่ฮ่องสอน,1,,ศาลาประชาคมจังหวัดแม่ฮ่องสอน ตำบลจองคำ อำเภอเมืองแม่ฮ่องสอน,1762,4,1,4,,,,,,,,
จังหวัดแม่ฮ่องสอน,2,,หอประชุมอำเภอแม่สะเรียง จังหวัดแม่ฮ่องสอน,757,2,1,2,,,,,,,,
จังหวัดยโสธร,1,,โดมอเนกประสงค์โรงเรียนยโสธรพิทยาคม อำเภอเมืองยโสธร,1430,3,1,0,,,,,,,,
จังหวัดยโสธร,2,,อาคารอเนกประสงค์เทศบาลตำบลฟ้าหยาด อำเภอมหาชนะชัย,322,1,1,0,,,,,,,,
จังหวัดยโสธร,3,,หอประชุมอำเภอกุดชุม ที่ว่าการอำเภอกุดชุม,544,1,1,0,,,,,,,,
จังหวัดยะลา,1,,อาคารศรีนิบง ศูนย์เยาวชนเทศบาลนครยะลา,4478,9,1,5,,,,,,,,
จังหวัดยะลา,2,,อาคารตลาด เทศบาลตำบลยะหา,798,2,1,0,,,,,,,,
จังหวัดยะลา,3,,โรงเรียนบันนังสตาอินทรฉัตร,917,2,1,0,,,,,,,,
จังหวัดยะลา,3,,อาคารอเนกประสงค์ (โรงยิม) เทศบาลเมืองเบตง,933,2,1,0,,,,,,,,
จังหวัดร้อยเอ็ด,1,,หอประชุมที่ว่าการอำเภอเมืองร้อยเอ็ด,3306,7,1,0,,,,,,,,
จังหวัดร้อยเอ็ด,2,,หอประชุมที่ว่าการอำเภอเชียงขวัญ,266,1,1,0,,,,,,,,
จังหวัดร้อยเอ็ด,3,,หอประชุมที่ว่าการอำเภอหนองพอก,462,1,1,0,,,,,,,,
จังหวัดร้อยเอ็ด,4,,หอประชุมที่ว่าการอำเภอเสลภูมิ,603,1,1,0,,,,,,,,
จังหวัดร้อยเอ็ด,5,,หอประชุมที่ว่าการอำเภออาจสามารถ,226,1,1,0,,,,,,,,
จังหวัดร้อยเอ็ด,6,,หอประชุมที่ว่าการอำเภอสุวรรณภูมิ,457,1,1,0,,,,,,,,
จังหวัดร้อยเอ็ด,7,,หอประชุมที่ว่าการอำเภอเกษตรวิสัย,314,1,1,0,,,,,,,,
จังหวัดร้อยเอ็ด,8,,หอประชุมที่ว่าการอำเภอจตุรพักตรพิมาน,347,1,1,0,,,,,,,,
จังหวัดระนอง,1,,อาคารเฉลิมพระเกียรติ 80 พรรษา องค์การบริหารส่วนจังหวัดระนอง,2297,5,1,5,,,,,,,,
จังหวัดระยอง,1,,โรงเรียนวัดห้วยโป่ง อำเภอเมืองระยอง,12224,24,1,48,,,,,,,,
จังหวัดระยอง,2,,โรงเรียนมัธยมตากสินระยอง อำเภอเมืองระยอง,13999,28,0,56,,,,,,,,
จังหวัดระยอง,3,,ศาลาเศรษฐกิจพอเพียง ที่ว่าการอำเภอแกลง,3213,6,1,12,,,,,,,,
จังหวัดระยอง,4,,โรงเรียนอนุบาลนานาชาติตากสินบ้านค่าย (วัดหวายกรอง) อำเภอบ้านค่าย,5816,12,1,24,,,,,,,,
จังหวัดระยอง,5,,โรงเรียนนิคมวิทยา อำเภอนิคมพัฒนา,21015,42,1,42,,,,,,,,
จังหวัดราชบุรี,1,,โรงยิมเนเซียมราชบุรี,6374,13,1,0,,,,,,,,
จังหวัดราชบุรี,2,,หอประชุมอำเภอปากท่อ,1046,2,1,0,,,,,,,,
จังหวัดราชบุรี,3,,หอประชุมอำเภอโพธาราม,2065,4,1,0,,,,,,,,
จังหวัดราชบุรี,4,,"โรงเรียนวัดบ้านโป่ง ""สามัคคีคุณูปถัมภ์"" อำเภอบ้านโป่ง",2062,4,1,0,,,,,,,,
จังหวัดราชบุรี,5,,"""ศาลาเฉลิมพระเกียรติ 60 พรรษา ร.9"" ที่ว่าการอำเภอดำเนินสะดวก",582,1,1,0,,,,,,,,
จังหวัดลพบุรี,1,,โรงเรียนโคกสำโรงวิทยา อำเภอโคกสำโรง,1943,4,1,8,,,,,,,,
จังหวัดลพบุรี,2,,สนามกีฬาพระรามเมศวร อำเภอเมืองลพบุรี,7872,16,1,32,,,,,,,,
จังหวัดลพบุรี,3,,โดมเอนกประสงค์สนามกีฬาเทศบาลเมืองบ้านหมี่,711,1,1,0,,,,,,,,
จังหวัดลพบุรี,4,,โดมข้างหอประชุมอำเภอพัฒนานิคม,1833,4,1,0,,,,,,,,
จังหวัดลำปาง,1,,หอประชุมโรงเรียนเตรียมอุดมศึกษาพัฒนาการเขลางค์นคร อำเภอเมือง,3680,7,1,0,,,,,,,,
จังหวัดลำปาง,2,,หอประชุมที่ว่าการอำเภอแจ้ห่ม,303,1,1,0,,,,,,,,
จังหวัดลำปาง,3,,ห้องประชุมชมพู เทศบาลเมืองเขลางค์นคร อำเภอเมืองลำปาง,5240,10,1,0,,,,,,,,
จังหวัดลำปาง,4,,หอประชุมรัตนปัญโญ โรงเรียนเถินวิทยา อำเภอเถิน,519,1,1,0,,,,,,,,
จังหวัดลำพูน,1,,หอประชุมองค์การบริหารส่วนจังหวัดลำพูน อำเภอเมืองลำพูน จังหวัด,11051,22,1,0,,,,,,,,
จังหวัดลำพูน,2,,หอประชุมโรงเรียนธีรกานท์บ้านโฮ่ง ตำบลบ้านโฮ่ง อำเภอบ้านโฮ่ง,890,2,1,0,,,,,,,,
จังหวัดเลย,1,,ศูนย์เยาวชนเทศบาลเมืองเลย,2882,6,1,0,,,,,,,,
จังหวัดเลย,2,,โรงเรียนชุมชนวังสะพุง,1120,2,1,0,,,,,,,,
จังหวัดเลย,3,,หอประชุมอำเภอภูเรือ,533,1,1,0,,,,,,,,
จังหวัดเลย,4,,ศาลาประชาคมอำเภอเชียงคาน,633,1,1,0,,,,,,,,
จังหวัดศรีสะเกษ,1,,หอประชุมเฉลิมพระเกียรติฉลองสิริราชสมบัติ ครบ 60 ปี อำเภอเมือง,2096,4,1,0,,,,,,,,
จังหวัดศรีสะเกษ,2,,หอประชุมอำเภอกันทรารมย์,486,1,1,0,,,,,,,,
จังหวัดศรีสะเกษ,3,,หอประชุมที่ว่าการอำเภอศรีรัตนะ,270,1,1,0,,,,,,,,
จังหวัดศรีสะเกษ,4,,หอประชุมที่ว่าการอำเภอกันทรลักษ์,6679,13,1,0,,,,,,,,
จังหวัดศรีสะเกษ,5,,หอประชุมโรงเรียนขุนหาญวิทยาสรรค์,615,1,1,0,,,,,,,,
จังหวัดศรีสะเกษ,6,,ศาลาประชาคมอำเภอขุขันธ์,964,2,1,0,,,,,,,,
จังหวัดศรีสะเกษ,7,,หอประชุมอำเภอปรางค์กู่,170,1,1,0,,,,,,,,
จังหวัดศรีสะเกษ,8,,หอประชุมอำเภออุทุมพรพิสัย,538,1,1,0,,,,,,,,
จังหวัดศรีสะเกษ,9,,หอประชุมที่ว่าการอำเภอราษีไศล,294,1,1,0,,,,,,,,
จังหวัดสกลนคร,1,,กองบัญชาการตำรวจตระเวนชายแดนที่ 23 (ค่ายศรีสกุลวงศ์),4064,8,1,8,,,,,,,,
จังหวัดสกลนคร,2,,หอประชุมอำเภอโคกศรีสุพรรณ ตำบลตองโขบ,459,1,1,0,,,,,,,,
จังหวัดสกลนคร,3,,หอประชุมที่ว่าการอำเภออากาศอำนวย,335,1,1,0,,,,,,,,
จังหวัดสกลนคร,4,,หอประชุมที่ว่าการอำเภอวาริชภูมิ,255,1,1,0,,,,,,,,
จังหวัดสกลนคร,5,,หอประชุมอำเภอสว่างแดนดิน,896,2,1,0,,,,,,,,
จังหวัดสกลนคร,6,,หอประชุมอำเภอพังโคน,918,2,1,0,,,,,,,,
จังหวัดสกลนคร,7,,โดมสวนสาธารณะหนองดินจี่ (เขตเทศบาลตำบลบ้านม่วง),268,1,1,0,,,,,,,,
จังหวัดสงขลา,1,,หอประชุมเปรม 100 ปี โรงเรียนมหาวชิราวุธจังหวัดสงขลา,7346,15,1,30,,,,,,,,
จังหวัดสงขลา,2,,หอประชุมเทศบาลนครหาดใหญ่,8469,17,1,34,,,,,,,,
จังหวัดสงขลา,3,,เทศบาลเมืองคอหงส์,10137,20,0,40,,,,,,,,
จังหวัดสงขลา,4,,ศาลาประชาคมที่ว่าการอำเภอสทิงพระ,528,1,0,2,,,,,,,,
จังหวัดสงขลา,5,,หอประชุมโรงเรียนควนเนียงวิทยา,537,1,1,0,,,,,,,,
จังหวัดสงขลา,6,,ศาลาประชาคมที่ว่าการอำเภอสะเดา,1453,3,0,6,,,,,,,,
จังหวัดสงขลา,7,,ศาลาประชาคมที่ว่าการอำเภอนาทวี,920,2,0,4,,,,,,,,
จังหวัดสงขลา,8,,หอประชุมโรงเรียนบ้านนา,771,2,1,0,,,,,,,,
จังหวัดสงขลา,9,,โรงยิมเนเซี่ยมโรงเรียนหาดใหญ่รัฐประชาสรรค์,2325,5,1,0,,,,,,,,
จังหวัดสตูล,1,,หอประชุมวิทยาลัยเทคนิคสตูล ชั้นล่าง,1155,2,1,0,,,,,,,,
จังหวัดสตูล,2,,หอประชุมโรงเรียนละงูพิทยาคม,855,2,1,0,,,,,,,,
จังหวัดสมุทรปราการ,1,,ศูนย์พักรักษาใจ เทศบาลตำบลบางเมือง,5530,11,1,22,,,,,,,,
จังหวัดสมุทรปราการ,1,,บริเวณโรงเรียนสมุทรปราการ,23736,47,0,96,,,,,,,,
จังหวัดสมุทรปราการ,2,,ศูนย์ประชุม ซีคอมเพล็กซ์บางปู สำนักงานเทศบาลตำบลบางปู,12258,25,1,25,,,,,,,,
จังหวัดสมุทรปราการ,3,,ลานอเนกประสงค์สำนักงานเทศบาลตำบลเทพารักษ์,10331,21,0,42,,,,,,,,
จังหวัดสมุทรปราการ,4,,โรงเรียนบางพลีราษฎร์บำรุง,21196,42,0,84,,,,,,,,
จังหวัดสมุทรปราการ,5,,โรงเรียนพูลเจริญวิทยาคม,10584,21,0,42,,,,,,,,
จังหวัดสมุทรปราการ,6,,โรงเรียนราชประชาสมาสัยฝ่ายมัธยม รัชดาภิเษก ในพระบรมราชูปถ,8026,16,0,32,,,,,,,,
จังหวัดสมุทรปราการ,7,,โรงเรียนป้อมนาคราชสวาทยานนท์,3757,8,0,16,,,,,,,,
จังหวัดสมุทรปราการ,8,,โรงเรียนบางบ่อวิทยาคม,21451,43,0,86,,,,,,,,
จังหวัดสมุทรสงคราม,1,,โดมน้ำเงิน โรงเรียนศรัทธาสมุทร,2838,6,1,12,,,,,,,,
จังหวัดสมุทรสาคร,1,,โรงเรียนสมุทรสาครวิทยาลัย อำเภอเมืองสมุทรสาคร,17237,34,1,68,,,,,,,,
จังหวัดสมุทรสาคร,2,,โรงเรียนสมุทรสาครวุฒิชัย อำเภอเมืองสมุทรสาคร,3555,7,1,14,,,,,,,,
จังหวัดสมุทรสาคร,3,,บริเวณอาคารที่จอดรถกองช่าง เทศบาลนครอ้อมน้อย,11771,24,0,48,,,,,,,,
จังหวัดสมุทรสาคร,4,,บริเวณอาคารกองร้อยอาสารักษาดินแดนบ้านแพ้ว ที่ 3,1651,3,0,6,,,,,,,,
จังหวัดสระแก้ว,1,,หอประชุมที่ว่าการอำเภอเมืองสระแก้ว,3340,7,1,0,,,,,,,,
จังหวัดสระแก้ว,2,,หอประชุมที่ว่าการอำเภอวัฒนานคร,2930,6,1,0,,,,,,,,
จังหวัดสระแก้ว,3,,อาคารอเนกประสงค์เทศบาลเมืองอรัญญประเทศ,4863,10,1,0,,,,,,,,
จังหวัดสระบุรี,1,,บิ๊กซี เพลส (Big C Place) สาขาสระบุรี,7552,15,0,30,,,,,,,,
จังหวัดสระบุรี,2,,โดมองค์การบริหารส่วนตำบลตาลเดี่ยว,3305,7,1,0,,,,,,,,
จังหวัดสระบุรี,3,,ศูนย์บริการสาธารณสุขชุมชนเทศบาลตำบลหินกอง (อาคารสนามฟุต,3921,8,1,0,,,,,,,,
จังหวัดสระบุรี,4,,หอประชุมแสงอรุณภักดี โรงเรียนอนุบาลวัดพระพุทธบาท,1861,4,1,0,,,,,,,,
จังหวัดสิงห์บุรี,1,,อาคารอเนกประสงค์สนามกีฬา (โดม) องค์การบริหารส่วนจังหวัดสิง,1855,4,1,0,,,,,,,,
จังหวัดสุโขทัย,1,,โดม โรงเรียนอุดมดรุณี,1676,3,1,6,,,,,,,,
จังหวัดสุโขทัย,2,,หอประชุมที่ว่าการอำเภอศรีสำมาศ,293,1,1,0,,,,,,,,
จังหวัดสุโขทัย,3,,หอประชุมที่ว่าการอำเภอสวรรคโลก,1016,2,1,2,,,,,,,,
จังหวัดสุโขทัย,4,,หอประชุมที่ว่าการอำเภอศรีสัชนาลัย,385,1,1,0,,,,,,,,
จังหวัดสุพรรณบุรี,1,,หอประชุม 1 โรงเรียนกรรณสูตศึกษาลัย อำเภอเมืองสุพรรณบุรี,3173,6,1,0,,,,,,,,
จังหวัดสุพรรณบุรี,2,,"อาคารอเนกประสงค์ (โดม) โรงเรียนบางปลาม้า ""สูงสุมารผดุงวิทย์""",826,2,1,0,,,,,,,,
จังหวัดสุพรรณบุรี,3,,อาคารศูนย์บริการชุมชน โรงเรียนอู่ทอง อำเภออู่ทอง,1349,3,1,0,,,,,,,,
จังหวัดสุพรรณบุรี,4,,อาคารโดม โรงเรียนธรรมโชติศึกษาลัย อำเภอเดิมบางนางบวช,892,2,1,0,,,,,,,,
จังหวัดสุพรรณบุรี,5,,โรงฝึกพลศึกษา โรงเรียนบรรหารแจ่มใสวิทยา 1 อำเภอดอนเจดีย์,861,2,1,0,,,,,,,,
จังหวัดสุราษฎร์ธานี,1,,หอประชุมโรงเรียนสุราษฎร์ธานี อำเภอเมืองสุราษฎร์ธานี,5232,10,1,0,,,,,,,,
จังหวัดสุราษฎร์ธานี,2,,หอประชุมโรงเรียนองค์การบริหารส่วนจังหวัดสุราษฎร์ธานี 1 (ดอนสัก),508,1,1,0,,,,,,,,
จังหวัดสุราษฎร์ธานี,2,,หอประชุมกาญจนาภิเษกอำเภอเกาะสมุย,7513,15,1,0,,,,,,,,
จังหวัดสุราษฎร์ธานี,3,,ศาลาประชาคมอำเภอบ้านนาสาร,772,2,1,0,,,,,,,,
จังหวัดสุราษฎร์ธานี,4,,โรงเรียนวัดตรณาราม อำเภอพุนพิน,1664,3,1,0,,,,,,,,
จังหวัดสุราษฎร์ธานี,5,,ศาลาอเนกประสงค์หน้าหอประชุมวิภาวดี อำเภอพระแสง,584,1,1,0,,,,,,,,
จังหวัดสุราษฎร์ธานี,6,,โรงเรียนกาญจนาภิเษกวิทยาลัย สุราษฎร์ธานี อำเภอไชยา จังหวัดสุราษฎร์ธานี,900,2,1,0,,,,,,,,
จังหวัดสุราษฎร์ธานี,7,,อาคารลานกิจกรรมรัตนพรหม มหาวิทยาลัยราชภัฏสุราษฎร์ธานี อำเภอเมืองสุราษฎร์ธานี,3060,6,1,0,,,,,,,,
จังหวัดสุรินทร์,1,,หอประชุมองค์การบริหารส่วนจังหวัดสุรินทร์,3589,7,1,6,,,,,,,,
จังหวัดสุรินทร์,2,,หอประชุมอำเภอเขวาสินรินทร์,291,1,1,0,,,,,,,,
จังหวัดสุรินทร์,3,,หอประชุมอำเภอจอมพระ,386,1,1,0,,,,,,,,
จังหวัดสุรินทร์,4,,หอประชุมอำเภอรัตนบุรี,463,1,1,0,,,,,,,,
จังหวัดสุรินทร์,5,,หอประชุมอำเภอสำโรงทาบ (หลังใหม่),221,1,1,0,,,,,,,,
จังหวัดสุรินทร์,6,,หอประชุมอำเภอสังขะ,525,1,1,0,,,,,,,,
จังหวัดสุรินทร์,7,,หอประชุมอำเภอปราสาท,4654,9,1,8,,,,,,,,
จังหวัดสุรินทร์,8,,หอประชุมอำเภอกาบเชิง,1343,3,1,4,,,,,,,,
จังหวัดหนองคาย,1,,หอประชุมอำเภอเมืองหนองคาย (หลังเดิม),2991,6,1,4,,,,,,,,
จังหวัดหนองคาย,2,,หอประชุมอำเภอเฝ้าไร่,360,1,1,0,,,,,,,,
จังหวัดหนองคาย,3,,หอประชุมเฉลิมพระเกียรติ 80 พรรษา อำเภอท่าบ่อ,973,2,1,0,,,,,,,,
จังหวัดหนองบัวลำภู,1,,โดมหอประชุมโรงเรียนหนองบัวพิทยาคาร,1114,2,1,0,,,,,,,,
จังหวัดหนองบัวลำภู,2,,โดมหอประชุมโรงเรียนศรีบุญเรืองวิทยาคาร,381,1,1,0,,,,,,,,
จังหวัดหนองบัวลำภู,3,,หอประชุมอำเภอนากลาง (หลังเก่า),490,1,1,0,,,,,,,,
จังหวัดอ่างทอง,1,,"โดม 72 ปี ""ตันติวิทยาภูมิ"" (ด้านใน) โรงเรียนวิเศษไชยชาญ ""ตันติวิทยาภูมิ""",1402,3,1,0,,,,,,,,
จังหวัดอ่างทอง,2,,"อาคาร 57 ปี จินดามณี (ส่วนหน้า)โรงเรียนโพธิ์ทอง ""จินดามณี""",1484,3,1,0,,,,,,,,
จังหวัดอำนาจเจริญ,1,,หอประชุมอำเภอเมืองอำนาจเจริญ,1308,3,1,0,,,,,,,,
จังหวัดอำนาจเจริญ,2,,หอประชุมโรงเรียนปทุมราชวงศา,304,1,1,0,,,,,,,,
จังหวัดอุดรธานี,1,,ห้องประชุมโรงเรียนเทศบาล 6 เทศบาลนครอุดรธานี,6746,13,1,26,,,,,,,,
จังหวัดอุดรธานี,2,,สำนักงานเทศบาลตำบลหนองบัว,2684,5,1,10,,,,,,,,
จังหวัดอุดรธานี,3,,หอประชุมอำเภอเพ็ญ,332,1,1,0,,,,,,,,
จังหวัดอุดรธานี,4,,หอประชุมอำเภอบ้านดุง,413,1,1,0,,,,,,,,
จังหวัดอุดรธานี,5,,หอประชุมอำเภอหนองหาน,570,1,1,0,,,,,,,,
จังหวัดอุดรธานี,6,,หอประชุมอำเภอศรีธาตุ,242,1,1,0,,,,,,,,
จังหวัดอุดรธานี,7,,หอประชุมอำเภอกุมภวาปี,734,1,1,0,,,,,,,,
จังหวัดอุดรธานี,8,,หอประชุมอำเภอหนองวัวซอ,213,1,1,0,,,,,,,,
จังหวัดอุดรธานี,9,,หอประชุมอำเภอกุดจับ,230,1,1,0,,,,,,,,
จังหวัดอุดรธานี,10,,หอประชุมบริบาลภูมิเขตต์ (อำเภอบ้านผือ),585,1,1,0,,,,,,,,
จังหวัดอุตรดิตถ์,1,,บริเวณอาคารอเนกประสงค์ สนามกีฬาพระยาพิชัยดาบหัก,3320,7,1,0,,,,,,,,
จังหวัดอุตรดิตถ์,2,,หอประชุมที่ว่าการอำเภอท่าปลา,431,1,1,0,,,,,,,,
จังหวัดอุตรดิตถ์,3,,สนามกีฬาในร่มภายในวิทยาลัยการอาชีพพิชัย,318,1,1,0,,,,,,,,
จังหวัดอุทัยธานี,1,,บริเวณโรงเรียนอุทัยวิทยาคม,1546,3,1,0,,,,,,,,
จังหวัดอุทัยธานี,2,,บริเวณวิทยาลัยชุมชนอุทัยธานี,448,1,1,0,,,,,,,,
จังหวัดอุบลราชธานี,1,,ศูนย์แสดงและจัดจำหน่ายสินค้าหนึ่งตำบลหนึ่งผลิตภัณฑ์ (OTOP C,4940,10,1,0,,,,,,,,
จังหวัดอุบลราชธานี,2,,หอประชุมอำเภอเขื่องใน,274,1,1,0,,,,,,,,
จังหวัดอุบลราชธานี,3,,หอประชุมอำเภอม่วงสามสิบ,248,1,1,0,,,,,,,,
จังหวัดอุบลราชธานี,4,,หอประชุมอำเภอวารินชำราบ (อาคารใหม่),3665,7,1,0,,,,,,,,
จังหวัดอุบลราชธานี,5,,หอประชุมอำเภอตระการพืชผล,537,1,1,0,,,,,,,,
จังหวัดอุบลราชธานี,6,,หอประชุมอำเภอเขมราฐ,473,1,1,0,,,,,,,,
จังหวัดอุบลราชธานี,7,,หอประชุมอำเภอศรีเมืองใหม่,274,1,1,0,,,,,,,,
จังหวัดอุบลราชธานี,8,,หอประชุมอำเภอพิบูลมังสาหาร,900,2,1,0,,,,,,,,
จังหวัดอุบลราชธานี,9,,หอประชุมอำเภอบุณฑริก,1292,3,1,0,,,,,,,,
จังหวัดอุบลราชธานี,10,,หอประชุมอำเภอทุ่งศรีอุดม,976,2,1,0,,,,,,,,
จังหวัดอุบลราชธานี,11,,หอประชุมอำเภอเดชอุดม,3092,6,1,0,,,,,,,,
