location_name,location_type,area_prefix,buildings,floor,extra_info,subdistrict,district,original,geocode_query
สำนักงานเขตสัมพันธวงศ์,government_office,บริเวณ,[],,,ตลาดน้อย,สัมพันธวงศ์,บริเวณสำนักงานเขตสัมพันธวงศ์ แขวงตลาดน้อย,สำนักงานเขตสัมพันธวงศ์
สำนักงานเขตป้อมปราบศัตรูพ่าย,government_office,บริเวณ,[],,,วัดโสมนัส,,บริเวณสำนักงานเขตป้อมปราบศัตรูพ่าย แขวงวัดโสมนัส,สำนักงานเขตป้อมปราบศัตรูพ่าย
สำนักงานเขตพระนคร,government_office,บริเวณลานจอดรถ,[],,,วัดสามพระยา,พระนคร,บริเวณลานจอดรถสำนักงานเขตพระนคร แขวงวัดสามพระยา,สำนักงานเขตพระนคร
สมาคมใหหนำแห่งประเทศไทย,other,บริเวณ,[],,,สี่พระยา,,บริเวณสโมสรสมาคมใหหนำแห่งประเทศไทย แขวงสี่พระยา,บริเวณสโมสรสมาคมใหหนำแห่งประเทศไทย
วชิราวุธวิทยาลัย,school,บริเวณภายใน,[],,,ดุสิต,,บริเวณภายในวชิราวุธวิทยาลัย แขวงดุสิต,วชิราวุธวิทยาลัย
สวนหย่อมและลานกีฬาใต้ทางด่วน,sports_center,บริเวณ,[],,ซอยอยู่ดี,ทุ่งวัดดอน,,บริเวณสวนหย่อมและลานกีฬาใต้ทางด่วน ซอยอยู่ดี แขวงทุ่งวัดดอน,บริเวณสวนหย่อมและลานกีฬาใต้ทางด่วน ซอยอยู่ดี
ราชเทวี,government_office,บริเวณ,[],,,ทุ่งพญาไท,,บริเวณสำนักงานเขตราชเทวี แขวงทุ่งพญาไท,บริเวณสำนักงานเขตราชเทวี
อาคารนิมิบุตร,other,บริเวณ,['อาคารนิมิบุตร'],ชั้น 1,,วังใหม่,,บริเวณชั้น 1 อาคารนิมิบุตร แขวงวังใหม่,อาคารนิมิบุตร
สำนักงานเขตบางคอแหลม,government_office,บริเวณ,[],,,บางคอแหลม,,บริเวณสำนักงานเขตบางคอแหลม แขวงบางคอแหลม,สำนักงานเขตบางคอแหลม
โลตัสพระราม 3,mall,เต็นท์ลานจอดรถ,[],,ฝั่งถนนนราธิวาสราชนครินทร์,ช่องนนทรี,,เต็นท์ลานจอดรถโลตัสพระราม 3 (ฝั่งถนนนราธิวาสราชนครินทร์) แขวงช่องนนทรี,โลตัสพระราม 3
สำนักงานเขตคลองเตย,government_office,บริเวณ,[],,,คลองเตย,คลองเตย,บริเวณสำนักงานเขตคลองเตย แขวงคลองเตย,สำนักงานเขตคลองเตย
โรงแรมแอมบาสซาเดอร์ กรุงเทพฯ,other,,[],,,คลองเตยเหนือ,,โรงแรมแอมบาสซาเดอร์ กรุงเทพฯ แขวงคลองเตยเหนือ,โรงแรมแอมบาสซาเดอร์ กรุงเทพฯ
สำนักงานเขตห้วยขวาง,government_office,อาคารและเต็นท์บริเวณ,[],,,ห้วยขวาง,ห้วยขวาง,อาคารและเต็นท์บริเวณสำนักงานเขตห้วยขวาง แขวงห้วยขวาง,สำนักงานเขตห้วยขวาง
กรมประชาสัมพันธ์,government_office,อาคารลานอเนกประสงค์,[],,,พญาไท,,อาคารลานอเนกประสงค์ กรมประชาสัมพันธ์ แขวงพญาไท,อาคารลานอเนกประสงค์ กรมประชาสัมพันธ์
ศูนย์เยาวชนกรุงเทพมหานคร (ไทย-ญี่ปุ่น),sports_center,,"['อาคารกีฬาเวสน์ 1', 'อาคารกีฬาเวสน์ 2']",,,,,อาคารกีฬาเวสน์ 1 และ อาคารกีฬาเวสน์ 2 ศูนย์เยาวชนกรุงเทพมหานคร (ไทย-ญี่ปุ่น),ศูนย์เยาวชนกรุงเทพมหานคร (ไทย-ญี่ปุ่น)
สำนักงานเขตบางซื่อ,government_office,บริเวณ,[],,,บางซื่อ,บางซื่อ,บริเวณสำนักงานเขตบางซื่อ แขวงบางซื่อ,สำนักงานเขตบางซื่อ
สำนักงานเขตหลักสี่,government_office,บริเวณ,[],,,ทุ่งสองห้อง,หลักสี่,บริเวณสำนักงานเขตหลักสี่ แขวงทุ่งสองห้อง,สำนักงานเขตหลักสี่
มหาวิทยาลัยราชภัฏจันทรเกษม,university,บริเวณ,[],,,จันทรเกษม,,บริเวณมหาวิทยาลัยราชภัฏจันทรเกษม แขวงจันทรเกษม,มหาวิทยาลัยราชภัฏจันทรเกษม
สำนักงานเขตดอนเมือง,government_office,บริเวณลานจอดรถ,[],,,ดอนเมือง,ดอนเมือง,บริเวณลานจอดรถ สำนักงานเขตดอนเมือง แขวงดอนเมือง,สำนักงานเขตดอนเมือง
วัดหนองใหญ่,temple,บริเวณลานจอดรถ,[],,,สายไหม,,บริเวณลานจอดรถวัดหนองใหญ่ แขวงสายไหม,วัดหนองใหญ่
วัดศิริพงษ์ธรรมนิมิต,temple,เต็นท์บริเวณลานจอดรถ,[],,,ท่าแร้ง,,เต็นท์บริเวณลานจอดรถวัดศิริพงษ์ธรรมนิมิต แขวงท่าแร้ง,วัดศิริพงษ์ธรรมนิมิต
โรงเรียนสตรีวิทยา 2,school,เต็นท์บริเวณ,[],,,ลาดพร้าว,,เต็นท์บริเวณโรงเรียนสตรีวิทยา 2 แขวงลาดพร้าว,โรงเรียนสตรีวิทยา 2
ศูนย์การค้าอิมพีเรียลเวิลด์ ลาดพร้าว,mall,บริเวณ,[],ชั้น 4,,คลองเจ้าคุณสิงห์,,บริเวณชั้น 4 ศูนย์การค้าอิมพีเรียลเวิลด์ ลาดพร้าว แขวงคลองเจ้าคุณสิงห์,ศูนย์การค้าอิมพีเรียลเวิลด์ ลาดพร้าว
ตะวันนาบางกะปิ,mall,บริเวณพื้นที่โครงการ,[],,ตะวันนา 2,คลองจั่น,,บริเวณพื้นที่โครงการตะวันนาบางกะปิ (ตะวันนา 2) แขวงคลองจั่น,บริเวณพื้นที่โครงการตะวันนาบางกะปิ (ตะวันนา 2)
สำนักงานเขตบึงกุ่ม,government_office,บริเวณ,[],,,คลองกุ่ม,บึงกุ่ม,บริเวณสำนักงานเขตบึงกุ่ม แขวงคลองกุ่ม,สำนักงานเขตบึงกุ่ม
สำนักงานเขตคันนายาว,government_office,บริเวณ,[],,,คันนายาว,คันนายาว,บริเวณสำนักงานเขตคันนายาว แขวงคันนายาว,สำนักงานเขตคันนายาว
สำนักงานเขตคลองสามวา,government_office,บริเวณลานจอดรถ,[],,,บางชัน,คลองสามวา,บริเวณลานจอดรถสำนักงานเขตคลองสามวา แขวงบางชัน,สำนักงานเขตคลองสามวา
โรงเรียนวัดหนองจอก (ภักดีนรเศรษฐ),school,บริเวณ,[],,,กระทุ่มราย,,บริเวณโรงเรียนวัดหนองจอก (ภักดีนรเศรษฐ) แขวงกระทุ่มราย,โรงเรียนวัดหนองจอก (ภักดีนรเศรษฐ)
วัดใหม่ลำนกแขวก,temple,บริเวณ,[],,,แสนแสบ,,บริเวณวัดใหม่ลำนกแขวก แขวงแสนแสบ,วัดใหม่ลำนกแขวก
สำนักงานเขตสะพานสูง,government_office,บริเวณลานจอดรถ,[],,ศูนย์นันทนาการสะพานสูง,,สะพานสูง,บริเวณลานจอดรถ สำนักงานเขตสะพานสูง และศูนย์นันทนาการสะพานสูง,สำนักงานเขตสะพานสูง
สำนักงานเขตลาดกระบัง,government_office,บริเวณลานจอดรถ,[],,(ชั่วคราว) ระหว่างซอย 54 กับซอย 56,,ลาดกระบัง,บริเวณลานจอดรถสำนักงานเขตลาดกระบัง (ชั่วคราว) ระหว่างซอย 54 กับซอย 56,สำนักงานเขตลาดกระบัง
มหาวิทยาลัยรามคำแหง 2,university,,[],,,ดอกไม้,,มหาวิทยาลัยรามคำแหง 2 แขวงดอกไม้,มหาวิทยาลัยรามคำแหง 2
สำนักงานเขตสวนหลวง,government_office,บริเวณ,[],,,พัฒนาการ,สวนหลวง,บริเวณสำนักงานเขตสวนหลวง แขวงพัฒนาการ,สำนักงานเขตสวนหลวง
โรงเรียนพระโขนงพิทยาลัย,school,,[],,,พระโขนงใต้,,โรงเรียนพระโขนงพิทยาลัย แขวงพระโขนงใต้,โรงเรียนพระโขนงพิทยาลัย
สำนักงานเขตบางนา,government_office,บริเวณถนนด้านหน้า,[],,,บางนาเหนือ,บางนา,บริเวณถนนด้านหน้าสำนักงานเขตบางนา แขวงบางนาเหนือ,สำนักงานเขตบางนา
สวนป่าเฉลิมพระเกียรติใต้สะพานสมเด็จพระเจ้าตากสินมหาราช,other,บริเวณ,[],,,,,บริเวณสวนป่าเฉลิมพระเกียรติใต้สะพานสมเด็จพระเจ้าตากสินมหาราช,บริเวณสวนป่าเฉลิมพระเกียรติใต้สะพานสมเด็จพระเจ้าตากสินมหาราช
สำนักงานเขตราษฎร์บูรณะ,government_office,,[],,,ราษฎร์บูรณะ,ราษฎร์บูรณะ,สำนักงานเขตราษฎร์บูรณะ แขวงราษฎร์บูรณะ,สำนักงานเขตราษฎร์บูรณะ
ศูนย์กีฬาเฉลิมพระเกียรติ ฯ (บางมด),sports_center,,[],,,บางมด,,ศูนย์กีฬาเฉลิมพระเกียรติ ฯ (บางมด) แขวงบางมด,ศูนย์กีฬาเฉลิมพระเกียรติ ฯ (บางมด)
สำนักงานเขตจอมทอง,government_office,บริเวณ,[],,,บางมด,,บริเวณสำนักงานเขตจอมทอง แขวงบางมด,สำนักงานเขตจอมทอง
ศูนย์การค้าเซ็นทรัลพลาซา พระราม 2,mall,,['ห้องพระราม 2 ฮอลล์'],ชั้น 4,,,,ห้องพระราม 2 ฮอลล์ ชั้น 4 ศูนย์การค้าเซ็นทรัลพลาซา พระราม 2,ศูนย์การค้าเซ็นทรัลพลาซา พระราม 2
วิทยาลัยเทคนิคราชสิทธาราม,school,,[],,,บางบอนเหนือ,,วิทยาลัยเทคนิคราชสิทธาราม แขวงบางบอนเหนือ,วิทยาลัยเทคนิคราชสิทธาราม
สำนักงานเขตหนองแขม,government_office,บริเวณ,[],,,หนองค้างพลู,หนองแขม,บริเวณสำนักงานเขตหนองแขม แขวงหนองค้างพลู,สำนักงานเขตหนองแขม
อาคารสำนักงานเขตภาษีเจริญ,government_office,บริเวณลานจอดรถด้านหลัง,[],,,บางหว้า,ภาษีเจริญ,บริเวณลานจอดรถด้านหลังอาคารสำนักงานเขตภาษีเจริญ แขวงบางหว้า ,อาคารสำนักงานเขตภาษีเจริญ
สำนักงานเขตบางแค,government_office,บริเวณด้านหน้าและด้านข้าง,[],,,บางแค,บางแค,บริเวณด้านหน้าและด้านข้างสำนักงานเขตบางแค แขวงบางแค,สำนักงานเขตบางแค
สำนักงานเขตตลิ่งชัน,government_office,บริเวณ,[],,,คลองชักพระ,ตลิ่งชัน,บริเวณสำนักงานเขตตลิ่งชัน แขวงคลองชักพระ,สำนักงานเขตตลิ่งชัน
สำนักงานเขตทวีวัฒนา,government_office,บริเวณ,[],,,ทวีวัฒนา,ทวีวัฒนา,บริเวณสำนักงานเขตทวีวัฒนา แขวงทวีวัฒนา,สำนักงานเขตทวีวัฒนา
วิทยาลัยเทคโนโลยีสยาม,school,บริเวณ,[],,,วัดท่าพระ,,บริเวณวิทยาลัยเทคโนโลยีสยาม แขวงวัดท่าพระ,วิทยาลัยเทคโนโลยีสยาม
ศูนย์นันทนาการวัดเวฬุราชิณ,temple,,[],,,บางยี่เรือ,,ศูนย์นันทนาการวัดเวฬุราชิณ แขวงบางยี่เรือ,ศูนย์นันทนาการวัดเวฬุราชิณ
สำนักงานเขตบางกอกน้อย,government_office,บริเวณ,[],,ลานเอนกประสงค์,บางขุนนนท์,บางกอกน้อย,บริเวณลานเอนกประสงค์ สำนักงานเขตบางกอกน้อย แขวงบางขุนนนท์,สำนักงานเขตบางกอกน้อย
สะพานพระราม 8,bridge,บริเวณใต้,[],,(ฝั่งธนบุรี),บางยี่ขัน,,บริเวณใต้สะพานพระราม 8 (ฝั่งธนบุรี) แขวงบางยี่ขัน,บริเวณใต้สะพานพระราม 8 (ฝั่งธนบุรี)
โรงเรียนอนุบาลกระบี่,school,หอประชุม,[],,(ท่าเรือ),,,หอประชุมโรงเรียนอนุบาลกระบี่ (ท่าเรือ),โรงเรียนอนุบาลกระบี่
โรงเรียนอ่าวลึกประชาสรรค์,school,หอประชุม,[],,,,,หอประชุมโรงเรียนอ่าวลึกประชาสรรค์,โรงเรียนอ่าวลึกประชาสรรค์
โรงเรียนคลองท่อมราษฎร์รังสรรค์,school,,[],,,,คลองท่อม,หอประชุมโรงเรียนคลองท่อมราษฎร์รังสรรค์ อำเภอคลองท่อม,โรงเรียนคลองท่อมราษฎร์รังสรรค์
ศาลา 60 พรรษามหาราช,other,,[],,,,,ศาลา 60 พรรษามหาราช,ศาลา 60 พรรษามหาราช
หอประชุมอำเภอท่าม่วง,assembly_hall,,['สโมสรอำเภอท่าม่วง'],,,,ท่าม่วง,หอประชุมอำเภอท่าม่วง (สโมสรอำเภอท่าม่วง),หอประชุมอำเภอท่าม่วง
ศาลาประชาคมอำเภอท่ามะกา,assembly_hall,,[],,,,ท่ามะกา,ศาลาประชาคมอำเภอท่ามะกา,ศาลาประชาคมอำเภอท่ามะกา
ศาลาประชาคมอำเภอเลาขวัญ,assembly_hall,,[],,,,เลาขวัญ,ศาลาประชาคมอำเภอเลาขวัญ,ศาลาประชาคมอำเภอเลาขวัญ
อำเภอไทรโยค,assembly_hall,,[],,,,,หอประชุมอำเภอไทรโยค,หอประชุมอำเภอไทรโยค
หอประชุมเฉลิมพระเกียรติ 80 พรรษามหาราชา,assembly_hall,,[],,,,,หอประชุมเฉลิมพระเกียรติ 80 พรรษามหาราชา,หอประชุมเฉลิมพระเกียรติ 80 พรรษามหาราชา
อำเภอยางตลาด,assembly_hall,,[],,,,,หอประชุมอำเภอยางตลาด,อำเภอยางตลาด
อำเภอหนองกุงศรี,assembly_hall,,[],,,,,หอประชุมอำเภอหนองกุงศรี,หอประชุมอำเภอหนองกุงศรี
ที่ว่าการอำเภอสมเด็จ,government_office,,['อาคารอเนกประสงค์'],,,,สมเด็จ,อาคารอเนกประสงค์ ที่ว่าการอำเภอสมเด็จ,ที่ว่าการอำเภอสมเด็จ
กมลาไสย,assembly_hall,,[],,,,,หอประชุมอำเภอกมลาไสย,หอประชุมอำเภอกมลาไสย
กุฉินารายณ์,assembly_hall,,[],,,,,หอประชุมอำเภอกุฉินารายณ์,หอประชุมอำเภอกุฉินารายณ์
วัดพระบรมธาตุ พระอารามหลวง,temple,,['ศาลาอเนกประสงค์'],,,,,ศาลาอเนกประสงค์วัดพระบรมธาตุ พระอารามหลวง,วัดพระบรมธาตุ พระอารามหลวง
โรงเรียนพรานกระต่ายพิทยาคม,school,,['โดมเจ้าคุณทองดี'],,,,,โดมเจ้าคุณทองดี โรงเรียนพรานกระต่ายพิทยาคม,โรงเรียนพรานกระต่ายพิทยาคม
ที่ทำการองค์การบริหารส่วนตำบลคลองขลุง,government_office,โดมหน้า,[],,,,,โดมหน้าที่ทำการองค์การบริหารส่วนตำบลคลองขลุง,โดมหน้าที่ทำการองค์การบริหารส่วน
หอประชุมเฉลิมพระเกียรติ 80 พรรษา,assembly_hall,,[],,,,,หอประชุมเฉลิมพระเกียรติ 80 พรรษา,หอประชุมเฉลิมพระเกียรติ 80 พรรษา
ศูนย์ประชุมและแสดงสินค้านานาชาติขอนแก่น (ไคซ์),assembly_hall,,[],,,,,ศูนย์ประชุมและแสดงสินค้านานาชาติขอนแก่น (ไคซ์),ศูนย์ประชุมและแสดงสินค้านานาชาติขอนแก่น (ไคซ์)
โรงเรียนขามแก่นนคร,school,หอประชุม,[],,,,,หอประชุมโรงเรียนขามแก่นนคร,โรงเรียนขามแก่นนคร
อำเภอกระนวน,assembly_hall,,[],,,,,หอประชุมอำเภอกระนวน,หอประชุมอำเภอกระนวน
หอประชุม 100 ปี,assembly_hall,,[],,,,น้ำพอง,หอประชุม 100 ปี อำเภอน้ำพอง,หอประชุม 100 ปี
อำเภอภูเวียง,assembly_hall,,[],,,,,หอประชุมอำเภอภูเวียง,หอประชุมอำเภอภูเวียง
หอประชุมอำเภอชุมแพ,assembly_hall,,[],,,,ชุมแพ,หอประชุมอำเภอชุมแพ,หอประชุมอำเภอชุมแพ
อำเภอหนองเรือ,assembly_hall,,[],,,,,หอประชุมอำเภอหนองเรือ,หอประชุมอำเภอหนองเรือ
อำเภอมัญจาคีรี,assembly_hall,,[],,,,,หอประชุมอำเภอมัญจาคีรี,หอประชุมอำเภอมัญจาคีรี
อำเภอพล,assembly_hall,,[],,,,,หอประชุมอำเภอพล,หอประชุมอำเภอพล
อำเภอหนองสองห้อง,assembly_hall,,[],,,,,หอประชุมอำเภอหนองสองห้อง,หอประชุมอำเภอหนองสองห้อง
อำเภอบ้านไผ่,assembly_hall,,[],,,,,หอประชุมอำเภอบ้านไผ่,หอประชุมอำเภอบ้านไผ่
อาคารอเนกประสงค์เทศบาลตำบลพลับพลานารายณ์,other,,['อาคารอเนกประสงค์'],,,,,อาคารอเนกประสงค์เทศบาลตำบลพลับพลานารายณ์,อาคารอเนกประสงค์เทศบาลตำบลพลับพลานารายณ์
โรงเรียนท่าใหม่ พูลสวัสดิ์ราษฎร์นุกูล,school,,['อาคารอเนกประสงค์'],,,,,"อาคารอเนกประสงค์ โรงเรียนท่าใหม่ ""พูลสวัสดิ์ราษฎร์นุกูล""",โรงเรียนท่าใหม่ พูลสวัสดิ์ราษฎร์นุกูล
วัดโป่งโรเซ็น,temple,,[],,,,,ศาลาวัดโป่งโรเซ็น,วัดโป่งโรเซ็น
ศาลากลางจังหวัด,government_office,สนามบริเวณโดยรอบ,['อาคารศาลาจัตุรมุข'],,,,,อาคารศาลาจัตุรมุข และสนามบริเวณโดยรอบ หน้าศาลากลางจังหวัด,ศาลากลางจังหวัด
อำเภอบางน้ำเปรี้ยว,assembly_hall|government_office,,['หอประชุม'],,(หลังใหม่),,,หอประชุมอำเภอบางน้ำเปรี้ยว (หลังใหม่) ที่ว่าการอำเภอบางน้ำเปรี้ยว,หอประชุมอำเภอบางน้ำเปรี้ยว (หลังใหม่) ที่ว่าการอำเภอบางน้ำเปรี้ยว
อำเภอพนมสารคาม,assembly_hall|government_office,,[],,,,พนมสารคาม,หอประชุมอำเภอพนมสารคาม ที่ว่าการอำเภอพนมสารคาม,หอประชุมอำเภอพนมสารคาม ที่ว่าการอำเภอพนมสารคาม
อำเภอบางปะกง,assembly_hall|government_office,หอประชุม|บริเวณลานหน้า,[],,,,บางปะกง,หอประชุมอำเภอบางปะกง และบริเวณลานหน้าที่ว่าการอำเภอบางปะกง,หอประชุมอำเภอบางปะกง และบริเวณลานหน้าที่ว่าการอำเภอบางปะกง
ศาลากลางจังหวัดชลบุรี,government_office,บริเวณหน้า,[],,,เมืองชลบุรี,ชลบุรี,บริเวณหน้าศาลากลางจังหวัดชลบุรี อำเภอเมืองชลบุรี,ศาลากลางจังหวัดชลบุรี
เทศบาลนครบ้านสวน,government_office,ลานกีฬาในร่ม,[],,,,เมืองชลบุรี,ลานกีฬาในร่มเทศบาลนครบ้านสวน อำเภอเมืองชลบุรี,ลานกีฬาในร่มเทศบาลนครบ้านสวน อำเภอเมืองชลบุรี
โรงเรียนพานทองสภาชนูปถัมภ์,school,,['อาคารโดม'],,,,พานทอง,อาคารโดมโรงเรียนพานทองสภาชนูปถัมภ์ อำเภอพานทอง,โรงเรียนพานทองสภาชนูปถัมภ์
โรงเรียนบ้านบึง อุตสาหกรรมนุเคราะห์,school,,['อาคารโดม'],,,,อำเภอบ้านบึง,"อาคารโดมโรงเรียนบ้านบึง ""อุตสาหกรรมนุเคราะห์"" อำเภอบ้านบึง",โรงเรียนบ้านบึง อุตสาหกรรมนุเคราะห์
สวนสาธารณะเฉลิมพระเกียรติเทศบาลเมืองพนัสนิคม,assembly_hall,,[],,,,พนัสนิคม,หอประชุมสวนสาธารณะเฉลิมพระเกียรติเทศบาลเมืองพนัสนิคม อำเภอพนัสนิคม,หอประชุมสวนสาธารณะเฉลิมพระเกียรติเทศบาลเมืองพนัสนิคม อำเภอพนัสนิคม
โรงเรียนเทศบาลบ้านศรีมหาราชา,school,,"['อาคารเรียน', 'อาคารโดม']",,,,ศรีราชา,อาคารเรียนและอาคารโดมโรงเรียนเทศบาลบ้านศรีมหาราชา อำเภอศรีราชา,โรงเรียนเทศบาลบ้านศรีมหาราชา
วัดพันเสด็จนอก,temple,บริเวณ,[],,,,ศรีราชา,บริเวณวัดพันเสด็จนอก อำเภอศรีราชา,วัดพันเสด็จนอก
โรงเรียนเมืองพัทยา 2,school,,['สนามกีฬา'],,,,บางละมุง,สนามกีฬาโรงเรียนเมืองพัทยา 2 อำเภอบางละมุง,โรงเรียนเมืองพัทยา 2
โรงเรียนบางละมุง,school,,['อาคารโดม'],,,,บางละมุง,อาคารโดมโรงเรียนบางละมุง อำเภอบางละมุง,โรงเรียนบางละมุง
โรงเรียนเมืองพัทยา 7,school,,['อาคารโดม'],,,,บางละมุง,อาคารโดมโรงเรียนเมืองพัทยา 7 อำเภอบางละมุง,โรงเรียนเมืองพัทยา 7
โรงเรียนสิงห์สมุทร,school,,['อาคารโดม'],,ฝั่งมัธยมปลาย,,อำเภอสัตหีบ,อาคารโดมโรงเรียนสิงห์สมุทร ฝั่งมัธยมปลาย อำเภอสัตหีบ,โรงเรียนสิงห์สมุทร
โรงเรียนชัยนาทพิทยาคม,school,,['โดม'],,,,เมืองชัยนาท,โดมโรงเรียนชัยนาทพิทยาคม อำเภอเมืองชัยนาท,โรงเรียนชัยนาทพิทยาคม
โรงเรียนหันคาพิทยาคม,school,,['โดม'],,,,หันคา,โดมโรงเรียนหันคาพิทยาคม อำเภอหันคา,โรงเรียนหันคาพิทยาคม
มหาวิทยาลัยการกีฬาแห่งชาติ วิทยาเขตชัยภูมิ,university,,['โดมสามเศียร'],,,,อำเภอเมืองชัยภูมิ,โดมสามเศียร มหาวิทยาลัยการกีฬาแห่งชาติ วิทยาเขตชัยภูมิ อำเภอเมืองชัยภูมิ,มหาวิทยาลัยการกีฬาแห่งชาติ วิทยาเขตชัยภูมิ
อาคารศูนย์กีฬาเฉลิมพระเกียรติเทศบาลตำบลจัตุรัส,sports_center,,[],,,,จัตุรัส,อาคารศูนย์กีฬาเฉลิมพระเกียรติเทศบาลตำบลจัตุรัส อำเภอจัตุรัส,อาคารศูนย์กีฬาเฉลิมพระเกียรติเทศบาลตำบลจัตุรัส
อำเภอบำเหน็จณรงค์,assembly_hall,,[],,,,,หอประชุมอำเภอบำเหน็จณรงค์,หอประชุมอำเภอบำเหน็จณรงค์
อำเภอหนองบัวแดง,assembly_hall,,['หอประชุม'],,(หลังใหม่),,,หอประชุมอำเภอหนองบัวแดง (หลังใหม่),หอประชุมอำเภอหนองบัวแดง (หลังใหม่)
ที่ว่าการอำเภอเกษตรสมบูรณ์,government_office,อาคารอเนกประสงค์หน้า,[],,,,เกษตรสมบูรณ์,อาคารอเนกประสงค์หน้าที่ว่าการอำเภอเกษตรสมบูรณ์,ที่ว่าการอำเภอเกษตรสมบูรณ์
อำเภอภูเขียว,assembly_hall,,[],,,,,หอประชุมอำเภอภูเขียว,หอประชุมอำเภอภูเขียว
อำเภอแก้งคร้อ,assembly_hall,,[],,,,,หอประชุมอำเภอแก้งคร้อ,หอประชุมอำเภอแก้งคร้อ
โรงเรียนสอาดเผดิมวิทยา,school,,"['อาคาร 9', 'อาคารอเนกประสงค์โดมเพื่องฟ้า']",,,,,อาคาร 9 และอาคารอเนกประสงค์โดมเพื่องฟ้า โรงเรียนสอาดเผดิมวิทยา,โรงเรียนสอาดเผดิมวิทยา
โรงเรียนท่าแซะรัชดาภิเษก,school,หอประชุมอเนกประสงค์,[],,,,อำเภอท่าแซะ,หอประชุมอเนกประสงค์โรงเรียนท่าแซะรัชดาภิเษก อำเภอท่าแซะ,โรงเรียนท่าแซะรัชดาภิเษก
หอประชุมอำเภอหลังสวน,assembly_hall,,[],,,,หลังสวน,หอประชุมอำเภอหลังสวน,หอประชุมอำเภอหลังสวน
มหาวิทยาลัยราชภัฏเชียงราย,university,หอประชุมกาสะลองคำ,[],,,,,หอประชุมกาสะลองคำ มหาวิทยาลัยราชภัฏเชียงราย,มหาวิทยาลัยราชภัฏเชียงราย
มหาวิทยาลัยแม่ฟ้าหลวง,university,,['อาคารพลเอกสำเภา ชูศรี'],E๔,,,,อาคารพลเอกสำเภา ชูศรี(E๔) มหาวิทยาลัยแม่ฟ้าหลวง,มหาวิทยาลัยแม่ฟ้าหลวง
ที่ว่าการอำเภอแม่สรวย,assembly_hall,,[],,,,แม่สรวย,หอประชุมที่ว่าการอำเภอแม่สรวย,ที่ว่าการอำเภอแม่สรวย
หอประชุมองค์การบริหารส่วนตำบลเมืองพาน,assembly_hall,,[],,,,,หอประชุมองค์การบริหารส่วนตำบลเมืองพาน,หอประชุมองค์การบริหารส่วนตำบลเมืองพาน
ที่ว่าการอำเภอขุนตาล,assembly_hall,,[],,,,ขุนตาล,หอประชุมที่ว่าการอำเภอขุนตาล,ที่ว่าการอำเภอขุนตาล
ที่ว่าการอำเภอแม่สาย,assembly_hall,,[],,,,แม่สาย,หอประชุมที่ว่าการอำเภอแม่สาย,ที่ว่าการอำเภอแม่สาย
ที่ว่าการอำเภอเชียงแสน,assembly_hall,,[],,,,เชียงแสน,หอประชุมที่ว่าการอำเภอเชียงแสน,ที่ว่าการอำเภอเชียงแสน
ศูนย์ประชุมและแสดงสินค้านานาชาติเฉลิมพระเกียรติ 7 รอบพระชนมพรรษา,assembly_hall,,[],,,,,ศูนย์ประชุมและแสดงสินค้านานาชาติเฉลิมพระเกียรติ 7 รอบพระชนมพรรษา,ศูนย์ประชุมและแสดงสินค้านานาชาติเฉลิมพระเกียรติ 7 รอบพระชนมพรรษา
โรงเรียนสารภิพิทยาคม,school,,[],,,ยางเนิ้ง,,โรงเรียนสารภิพิทยาคม ตำบลยางเนิ้ง,โรงเรียนสารภิพิทยาคม
โรงเรียนบ้านหนองโค้ง,school,,[],,,ตำบลต้นเปา,อำเภอสันกำแพง,โรงเรียนบ้านหนองโค้ง ตำบลต้นเปา อำเภอสันกำแพง,โรงเรียนบ้านหนองโค้ง
อาคารแม่พืช,university,,['โดมมหาวิทยาลัยแม่โจ้'],,,,,อาคารแม่พืช (โดมมหาวิทยาลัยแม่โจ้),อาคารแม่พืช
ที่ว่าการอำเภอแม่ริม,assembly_hall,,[],,,,แม่ริม,หอประชุมที่ว่าการอำเภอแม่ริม,ที่ว่าการอำเภอแม่ริม
เทศบาลตำบลเชียงดาว,assembly_hall,,[],,,,เชียงดาว,หอประชุมเทศบาลตำบลเชียงดาว อำเภอเชียงดาว,หอประชุมเทศบาล
อาคารมงคลศาลเจ้าฝาง,temple,,[],,,,,อาคารมงคลศาลเจ้าฝาง,อาคารมงคลศาลเจ้าฝาง
สนามกีฬาเทศบาลตำบลสันผักหวาน,sports_center,,['อาคารอเนกประสงค์'],,,,หางดง,อาคารอเนกประสงค์ สนามกีฬาเทศบาลตำบลสันผักหวาน อำเภอหางดง,สนามกีฬาเทศบาลตำบลสันผักหวาน
โรงเรียนศรีจอมทอง,school,,[],,,,จอมทอง,โรงเรียนศรีจอมทอง อำเภอจอมทอง,โรงเรียนศรีจอมทอง
หอประชุมเฉลิมพระเกียรติ,assembly_hall,,[],,,,ฮอด,หอประชุมเฉลิมพระเกียรติ ที่ว่าการอำเภอฮอด,หอประชุมเฉลิมพระเกียรติ
สวนสาธารณะสมเด็จพระศรีนครินทร์,other,อาคารอเนกประสงค์,[],,,,,อาคารอเนกประสงค์สวนสาธารณะสมเด็จพระศรีนครินทร์,อาคารอเนกประสงค์สวนสาธารณะสมเด็จพระศรีนครินทร์
ห้วยยอด,other,,['สนามแบดมินตัน'],,,,ห้วยยอด,สนามแบดมินตัน อำเภอห้วยยอด,สนามแบดมินตัน อำเภอห้วยยอด
โรงเรียนสวัสดิ์รัตนาภิมุข,school,หอประชุม,[],,,,,หอประชุมโรงเรียนสวัสดิ์รัตนาภิมุข,โรงเรียนสวัสดิ์รัตนาภิมุข
อาคารคอซิมบี้,other,,[],,,,เทศบาลเมืองกันตัง,อาคารคอซิมบี้ เทศบาลเมืองกันตัง,อาคารคอซิมบี้
ศูนย์แสดงสินค้าองค์การบริหารส่วนจังหวัดตราด,government_office,,[],,,,ตราด,ศูนย์แสดงสินค้าองค์การบริหารส่วนจังหวัดตราด,ศูนย์แสดงสินค้าองค์การบริหารส่วนจังหวัดตราด
โรงเรียนตากพิทยาคม,school,,['อาคาร 111 ปี'],,,,,อาคาร 111 ปี โรงเรียนตากพิทยาคม,โรงเรียนตากพิทยาคม
ศูนย์กลางการแสดงสินค้าและศูนย์ประชุมเพื่อส่งเสริมการท่องเที่ยว,other,,[],,,,,ศูนย์กลางการแสดงสินค้าและศูนย์ประชุมเพื่อส่งเสริมการท่องเที่ยว,ศูนย์กลางการแสดงสินค้าและศูนย์ประชุมเพื่อส่งเสริมการท่องเที่ยว
ที่ว่าการอำเภอแม่ระมาด,assembly_hall,,[],,,,แม่ระมาด,หอประชุมที่ว่าการอำเภอแม่ระมาด,ที่ว่าการอำเภอแม่ระมาด
โรงเรียนนครนายกวิทยาคม,school,,[],,,,,โรงเรียนนครนายกวิทยาคม,โรงเรียนนครนายกวิทยาคม
ศูนย์กีฬาเทศบาลตำบลองครักษ์,sports_center,อาคารอเนกประสงค์,[],,,,องครักษ์,อาคารอเนกประสงค์ศูนย์กีฬาเทศบาลตำบลองครักษ์,ศูนย์กีฬาเทศบาลตำบลองครักษ์
อาคารอเนกประสงค์กองร้อยอาสารักษาดินแดนจังหวัดนครปฐม,other,ประรำหน้า,[],,,,นครปฐม,ประรำหน้าอาคารอเนกประสงค์กองร้อยอาสารักษาดินแดนจังหวัดนครปฐม,อาคารอเนกประสงค์กองร้อยอาสารักษาดินแดนจังหวัดนครปฐม
องค์พระปฐมเจดีย์,temple,บริเวณ,['ซุ้มพุทธมามกะ'],,,,,บริเวณองค์พระปฐมเจดีย์ ซุ้มพุทธมามกะ,บริเวณองค์พระปฐมเจดีย์ ซุ้มพุทธมามกะ
ที่ทำการอำเภอกำแพงแสน,assembly_hall,,[],,,,กำแพงแสน,หอประชุมที่ทำการอำเภอกำแพงแสน,หอประชุมที่ทำการอำเภอกำแพงแสน
ศาลาประชาคมอำเภอบางเลน,assembly_hall,,[],,,,บางเลน,หอประชุมศาลาประชาคมอำเภอบางเลน,ศาลาประชาคมอำเภอบางเลน
หอประชุมอำเภอนครชัยศรี,assembly_hall,ประรำด้านข้าง,[],,,,นครชัยศรี,ประรำด้านข้างหอประชุมอำเภอนครชัยศรี,หอประชุมอำเภอนครชัยศรี
วัดไร่ขิงฝั่ง,temple,,['อาคารปฏิบัติธรรมเฉลิมพระเกียรติ 84 พรรษา มหาราชา'],,,,,อาคารปฏิบัติธรรมเฉลิมพระเกียรติ 84 พรรษา มหาราชา วัดไร่ขิงฝั่ง,วัดไร่ขิงฝั่ง
อำเภอศรีสงคราม,assembly_hall,,[],,,,,หอประชุมอำเภอศรีสงคราม,หอประชุมอำเภอศรีสงคราม
อำเภอท่าอุเทน,assembly_hall,,[],,,,,หอประชุมอำเภอท่าอุเทน,หอประชุมอำเภอท่าอุเทน
ศาลาประชาคมยงใจยุทธ,assembly_hall,,[],,,,อำเภอเมืองนครพนม,ศาลาประชาคมยงใจยุทธ อำเภอเมืองนครพนม,ศาลาประชาคมยงใจยุทธ
โรงเรียนคำเตยอุปถัมภ์,school,หอประชุม,[],,,,,หอประชุมโรงเรียนคำเตยอุปถัมภ์,โรงเรียนคำเตยอุปถัมภ์
วิทยาลัยธาตุพนม,school,,['โดม'],,มหาวิทยาลัยนครพนม,,,โดมวิทยาลัยธาตุพนม ม.นครพนม,วิทยาลัยธาตุพนม
อำเภอปลาปาก,assembly_hall,,[],,,,,หอประชุมอำเภอปลาปาก,หอประชุมอำเภอปลาปาก
เซ็นทรัลพลาซานครราชสีมา,mall,,['โคราช ฮอลล์'],ชั้น 4,,,อำเภอเมือง,โคราช ฮอลล์ ชั้น 4 ศูนย์การค้าเซ็นทรัลพลาซานครราชสีมา อำเภอเมือง,เซ็นทรัลพลาซานครราชสีมา
ศูนย์ฝึกอบรมตำรวจภูธร ภาค 3,other,,[],,,,อำเภอเมืองนครราชสีมา,ศูนย์ฝึกอบรมตำรวจภูธร ภาค 3 อำเภอเมืองนครราชสีมา,ศูนย์ฝึกอบรมตำรวจภูธร ภาค 3
เทศบาลตำบลเมืองใหม่โคกกรวด,government_office,,[],,,,อำเภอเมืองนครราชสีมา,เทศบาลตำบลเมืองใหม่โคกกรวด อำเภอเมืองนครราชสีมา,เทศบาล
อำเภอสูงเนิน,assembly_hall,,[],,,,,หอประชุมอำเภอสูงเนิน,หอประชุมอำเภอสูงเนิน
อำเภอโนนสูง,assembly_hall,,[],,,,,หอประชุมอำเภอโนนสูง,หอประชุมอำเภอโนนสูง
อำเภอบัวใหญ่,assembly_hall,,[],,,,,หอประชุมอำเภอบัวใหญ่,หอประชุมอำเภอบัวใหญ่
อำเภอประทาย,assembly_hall,,[],,,,,หอประชุมอำเภอประทาย,หอประชุมอำเภอประทาย
พิมาย,assembly_hall,,[],,,,พิมาย,หอประชุมอำเภอพิมาย,หอประชุมอำเภอพิมาย
อำเภอจักราช,assembly_hall,,[],,,,,หอประชุมอำเภอจักราช,หอประชุมอำเภอจักราช
อำเภอโชคชัย,assembly_hall,,[],,,,,หอประชุมอำเภอโชคชัย,หอประชุมอำเภอโชคชัย
อำเภอหนองบุญมาก,assembly_hall,,[],,,,,หอประชุมอำเภอหนองบุญมาก,หอประชุมอำเภอหนองบุญมาก
ปักธงชัย,assembly_hall,,[],,,,,หอประชุมอำเภอปักธงชัย,หอประชุมอำเภอปักธงชัย
หอประชุมมหาดไทย 100 ปี,assembly_hall,,[],,,,อำเภอสีคิ้ว,หอประชุมมหาดไทย 100 ปี อำเภอสีคิ้ว,หอประชุมมหาดไทย 100 ปี
ศาลาประชาคมเมืองปากช่อง,assembly_hall,,[],,,,ปากช่อง,ศาลาประชาคมเมืองปากช่อง,ศาลาประชาคมเมืองปากช่อง
อำเภอด่านขุนทด,assembly_hall,,[],,,,,หอประชุมอำเภอด่านขุนทด,หอประชุมอำเภอด่านขุนทด
อำเภอคง,assembly_hall,,[],,,,,หอประชุมอำเภอคง,หอประชุมอำเภอคง
โรงเรียนกัลยาณีศรีธรรมราช,school,,['อาคารโดม'],,,,อำเภอเมืองนครศรีธรรมราช,โรงเรียนกัลยาณีศรีธรรมราช (อาคารโดม) อำเภอเมืองนครศรีธรรมราช,โรงเรียนกัลยาณีศรีธรรมราช
ปากพนัง,assembly_hall,,['ศาลาประชาคม'],,,,,ศาลาประชาคมที่ว่าการอำเภอปากพนัง,ศาลาประชาคมที่ว่าการอำเภอปากพนัง
ศาลาประชาคม,assembly_hall,,[],,ที่ว่าการอำเภอเชียรใหญ่,,เชียรใหญ่,ศาลาประชาคมที่ว่าการอำเภอเชียรใหญ่,ศาลาประชาคม
โรงเรียนชะอวด,school,หอประชุม,[],,,,ชะอวด,หอประชุมโรงเรียนชะอวด อำเภอชะอวด,โรงเรียนชะอวด
โรงยิมเนเซียมเทศบาลเมืองทุ่งสง,sports_center,,[],,,,ทุ่งสง,โรงยิมเนเซียมเทศบาลเมืองทุ่งสง อำเภอทุ่งสง,โรงยิมเนเซียมเทศบาลเมืองทุ่งสง
โรงเรียนวัดท่ายาง,school,,[],,,,ทุ่งใหญ่,โรงเรียนวัดท่ายาง อำเภอทุ่งใหญ่,โรงเรียนวัดท่ายาง
ศาลาประชาคม,assembly_hall,,[],,ที่ว่าการอำเภอช้างกลาง,,ช้างกลาง,ศาลาประชาคมที่ว่าการอำเภอช้างกลาง,ศาลาประชาคม
หอประชุมอำเภอท่าศาลา,assembly_hall,,[],,,,ท่าศาลา,หอประชุมอำเภอท่าศาลา,หอประชุมอำเภอท่าศาลา
ที่ว่าการอำเภอสิชล,assembly_hall,,[],,(หลังเก่า),,สิชล,หอประชุมที่ว่าการอำเภอสิชล (หลังเก่า),ที่ว่าการอำเภอสิชล
สนามกีฬาจังหวัดนครสวรรค์,sports_center,,['อาคารกีฬาอเนกประสงค์'],,,,นครสวรรค์,อาคารกีฬาอเนกประสงค์ สนามกีฬาจังหวัดนครสวรรค์,สนามกีฬาจังหวัดนครสวรรค์
ที่ว่าการอำเภอพยุหะคีรี,government_office,,['อาคารอเนกประสงค์'],,(โดม),,พยุหะคีรี,อาคารอเนกประสงค์ (โดม) ที่ว่าการอำเภอพยุหะคีรี,ที่ว่าการอำเภอพยุหะคีรี
โรงเรียนเก้าเลี้ยววิทยา,school,หอประชุม,['นิติธรรมคุณ'],,,,,หอประชุมนิติธรรมคุณ โรงเรียนเก้าเลี้ยววิทยา,โรงเรียนเก้าเลี้ยววิทยา
ศาลาประชาคมอำเภอท่าตะโก,assembly_hall,,[],,,,ท่าตะโก,ศาลาประชาคมอำเภอท่าตะโก,ศาลาประชาคมอำเภอท่าตะโก
ศาลาประชาคมอำเภอตาคลี,assembly_hall,,[],,,,ตาคลี,ศาลาประชาคมอำเภอตาคลี,ศาลาประชาคมอำเภอตาคลี
ศาลาประชาคมอำเภอลาดยาว,assembly_hall,,[],,,,ลาดยาว,ศาลาประชาคมอำเภอลาดยาว,ศาลาประชาคมอำเภอลาดยาว
ศูนย์โทรคมนาคม นนทบุรี,government_office,,['บริษัท โทรคมนาคมแห่งชาติ จำกัด (มหาชน)'],,,,,บริษัท โทรคมนาคมแห่งชาติ จำกัด (มหาชน) ศูนย์โทรคมนาคม นนทบุรี,ศูนย์โทรคมนาคม นนทบุรี
เทศบาลเมืองบางศรีเมือง,government_office,,[],,,,เมืองนนทบุรี,เทศบาลเมืองบางศรีเมือง อำเภอเมืองนนทบุรี,เทศบาลเมืองบางศรีเมือง อำเภอเมืองนนทบุรี
ศาลาอเนกประสงค์,other,,[],,,บางขุนกอง,บางกรวย,ศาลาอเนกประสงค์ องค์การบริหารส่วนตำบลบางขุนกอง อำเภอบางกรวย,ศาลาอเนกประสงค์
เมืองทองธานี,university,ริมทะเลสาบ,[],,,,ปากเกร็ด,ริมทะเลสาบ เมืองทองธานี อำเภอปากเกร็ด,ริมทะเลสาบ เมืองทองธานี อำเภอปากเกร็ด
วัดสาลีโขภิตาราม,temple,,[],,,บางพลับ,ปากเกร็ด,วัดสาลีโขภิตาราม ตำบลบางพลับ อำเภอปากเกร็ด,วัดสาลีโขภิตาราม
เทศบาลเมืองบางแม่นาง,government_office,,[],,,,บางใหญ่,เทศบาลเมืองบางแม่นาง อำเภอบางใหญ่,เทศบาลเมืองบางแม่นาง อำเภอบางใหญ่
เทศบาลเมืองพิมลราช,government_office,,[],,,,บางบัวทอง,เทศบาลเมืองพิมลราช อำเภอบางบัวทอง,เทศบาลเมืองพิมลราช อำเภอบางบัวทอง
เทศบาลเมืองบางคูรัด,government_office,,[],,,,บางบัวทอง,เทศบาลเมืองบางคูรัด อำเภอบางบัวทอง,เทศบาลเมืองบางคูรัด อำเภอบางบัวทอง
โรงเรียนนราธิวาส,school,,['อาคาร 6'],,,,เมืองนราธิวาส,อาคาร 6 โรงเรียนนราธิวาส อำเภอเมืองนราธิวาส,โรงเรียนนราธิวาส
อาคารรื่นอรุณ,other,,[],,,,สุไหงโก-ลก,อาคารรื่นอรุณ เทศบาลเมืองสุไหงโก-ลก อำเภอสุไหงโก-ลก,อาคารรื่นอรุณ
โรงเรียนมัธยมสุไหงปาดี,school,หอประชุม,[],,,,,หอประชุมโรงเรียนมัธยมสุไหงปาดี,โรงเรียนมัธยมสุไหงปาดี
หอประชุมอำเภอระแงะ,assembly_hall,,[],,,,ระแงะ,หอประชุมอำเภอระแงะ,หอประชุมอำเภอระแงะ
หอประชุมกาญจนาภิเษก,assembly_hall,,[],,,,บาเจาะ,หอประชุมกาญจนาภิเษกอำเภอบาเจาะ,หอประชุมกาญจนาภิเษก
โรงเรียนศรีสวัสดิ์วิทยาคาร,school,หอประชุม,['อาคาร 84 ปี'],,,,อำเภอเมืองน่าน,หอประชุมอาคาร 84 ปี โรงเรียนศรีสวัสดิ์วิทยาคาร อำเภอเมืองน่าน,โรงเรียนศรีสวัสดิ์วิทยาคาร
โรงเรียนราชประชานุเคราะห์ ๕๖,school,โดมกิจกรรม,[],,,,เวียงสา,โดมกิจกรรม โรงเรียนราชประชานุเคราะห์ ๕๖ อำเภอเวียงสา จังหวัด,โรงเรียนราชประชานุเคราะห์ ๕๖
วิทยาลัยเทคนิคปัว,school,ห้องประชุม,[],,ชมพูภูคา,,ปัว,ห้องประชุมชมพูภูคา วิทยาลัยเทคนิคปัว อำเภอปัว จังหวัดน่าน,วิทยาลัยเทคนิคปัว
โรงเรียนบึงกาฬ,school,,['อาคารสำราญรมย์'],,,,อำเภอเมืองบึงกาฬ,อาคารสำราญรมย์ โรงเรียนบึงกาฬ อำเภอเมืองบึงกาฬ,โรงเรียนบึงกาฬ
เทศบาลตำบลบึงโขงหลง,assembly_hall,,[],,,,,หอประชุมเทศบาลตำบลบึงโขงหลง,หอประชุมเทศบาล
โรงเรียนอนุบาลโซ่พิสัย,school,หอประชุม,[],,,,,หอประชุมโรงเรียนอนุบาลโซ่พิสัย,โรงเรียนอนุบาลโซ่พิสัย
อำเภอเมืองบุรีรัมย์,assembly_hall,,[],,ตำบลในเมือง,ในเมือง,เมืองบุรีรัมย์,หอประชุมอำเภอเมืองบุรีรัมย์ ตำบลในเมือง อำเภอเมืองบุรีรัมย์,หอประชุมอำเภอเมืองบุรีรัมย์
โรงเรียนภัทรบพิตร,school,หอประชุม,[],,,,,หอประชุมโรงเรียนภัทรบพิตร,โรงเรียนภัทรบพิตร
หอประชุมอำเภอกระสัง,assembly_hall,,[],,,,กระสัง,หอประชุมอำเภอกระสัง,หอประชุมอำเภอกระสัง
โรงเรียนบ้านสตึก,school,,['หอประชุม'],,,,,หอประชุมโรงเรียนบ้านสตึก,โรงเรียนบ้านสตึก
โรงเรียนอนุบาลพุทไธสง,school,หอประชุม,[],,,,,หอประชุมโรงเรียนอนุบาลพุทไธสง,โรงเรียนอนุบาลพุทไธสง
หอประชุมอำเภอลำปลายมาศ,assembly_hall,,[],,,,ลำปลายมาศ,หอประชุมอำเภอลำปลายมาศ,หอประชุมอำเภอลำปลายมาศ
โรงเรียนหนองกี่พิทยาคม,school,,['อาคารเฉลิมพระเกียรติ'],ชั้น 1,,,,อาคารเฉลิมพระเกียรติ ชั้น 1 โรงเรียนหนองกี่พิทยาคม,โรงเรียนหนองกี่พิทยาคม
อำเภอนางรอง,assembly_hall,,[],,,,,หอประชุมอำเภอนางรอง,หอประชุมอำเภอนางรอง
อาคารโดมอเนกประสงค์เทศบาลตำบลละหานทราย,other,,['อาคารโดมอเนกประสงค์'],,,,ละหานทราย,อาคารโดมอเนกประสงค์เทศบาลตำบลละหานทราย,อาคารโดมอเนกประสงค์เทศบาลตำบลละหานทราย
อำเภอประโคนชัย,assembly_hall,,[],,,,,หอประชุมอำเภอประโคนชัย,หอประชุมอำเภอประโคนชัย
โรงเรียนบัวแก้วเกษร,school,,['อาคารโดม'],,,,,อาคารโดมโรงเรียนบัวแก้วเกษร,โรงเรียนบัวแก้วเกษร
วิทยาลัยอาชีวศึกษาปทุมธานี,school,,['โดมอเนกประสงค์'],,,,,โดมอเนกประสงค์ วิทยาลัยอาชีวศึกษาปทุมธานี,วิทยาลัยอาชีวศึกษาปทุมธานี
สำนักงานเทศบาลเมืองท่าโขลง,government_office,,[],,,,,สำนักงานเทศบาลเมืองท่าโขลง,สำนักงานเทศบาลเมืองท่าโขลง
ฟิวเจอร์อารีน่า,sports_center,,['สนามฟุตบอล'],,,,,สนามฟุตบอลฟิวเจอร์อารีน่า,สนามฟุตบอลฟิวเจอร์อารีน่า
อาคารอเนกประสงค์เทศบาลเมืองคูคต,other,,['อาคารอเนกประสงค์'],,,,,อาคารอเนกประสงค์เทศบาลเมืองคูคต,อาคารอเนกประสงค์เทศบาลเมืองคูคต
โดมเทศบาลเมืองลาดสวาย,dome,,[],,,,,โดมเทศบาลเมืองลาดสวาย,โดมเทศบาลเมืองลาดสวาย
มหาวิทยาลัยเทคโนโลยีราชมงคลธัญบุรี,university,,[],,,,,มหาวิทยาลัยเทคโนโลยีราชมงคลธัญบุรี,มหาวิทยาลัยเทคโนโลยีราชมงคลธัญบุรี
มหาวิทยาลัยการกีฬาแห่งชาติ,university,,['วิทยาเขตกรุงเทพ'],,,,,มหาวิทยาลัยการกีฬาแห่งชาติ วิทยาเขตกรุงเทพ,มหาวิทยาลัยการกีฬาแห่งชาติ
โรงเรียนเทศบาลวัดธรรมิการาม(ปิยแหวนรังสรรค์),school,หอประชุม,[],,,,อำเภอ,หอประชุมโรงเรียนเทศบาลวัดธรรมิการาม(ปิยแหวนรังสรรค์) อำเภอ,โรงเรียนเทศบาลวัดธรรมิการาม(ปิยแหวนรังสรรค์)
ที่ว่าการอำเภอปราณบุรี,government_office,บริเวณ,[],,,,ปราณบุรี,บริเวณสนามหน้าที่ว่าการอำเภอปราณบุรี อำเภอปราณบุรี,ที่ว่าการอำเภอปราณบุรี
ที่ว่าการอำเภอบางสะพาน,assembly_hall,,[],,,,บางสะพาน,หอประชุมที่ว่าการอำเภอบางสะพาน อำเภอบางสะพาน,ที่ว่าการอำเภอบางสะพาน
โรงเรียนปราจิณราษฎรอำรุง,school,,[],,,,เมืองปราจีนบุรี,โรงเรียนปราจิณราษฎรอำรุง อำเภอเมืองปราจีนบุรี,โรงเรียนปราจิณราษฎรอำรุง
โรงเรียนศรีมหาโพธิ,school,,[],,,,ศรีมหาโพธิ,โรงเรียนศรีมหาโพธิ อำเภอศรีมหาโพธิ,โรงเรียนศรีมหาโพธิ
สำนักงานเขตพื้นที่การศึกษาประถมศึกษาปราจีนบุรี เขต 2,government_office,,['เวทีคุรุ'],,,,ปราจีนบุรี,สำนักงานเขตพื้นที่การศึกษาประถมศึกษาปราจีนบุรี เขต 2 เวทีคุรุ,สำนักงานเขตพื้นที่การศึกษาประถมศึกษาปราจีนบุรี เขต 2
องค์การบริหารส่วนจังหวัดปัตตานี,government_office,,['หอประชุม'],,,,ปัตตานี,หอประชุมองค์การบริหารส่วนจังหวัดปัตตานี,องค์การบริหารส่วนจังหวัดปัตตานี
ที่ว่าการอำเภอโคกโพธิ์,assembly_hall,,[],,,,โคกโพธิ์,หอประชุมที่ว่าการอำเภอโคกโพธิ์,ที่ว่าการอำเภอโคกโพธิ์
ที่ว่าการอำเภอยะรัง,assembly_hall,,[],,,,ยะรัง,หอประชุมที่ว่าการอำเภอยะรัง,ที่ว่าการอำเภอยะรัง
ที่ว่าการอำเภอสายบุรี,assembly_hall,,[],,,,สายบุรี,หอประชุมที่ว่าการอำเภอสายบุรี,ที่ว่าการอำเภอสายบุรี
ที่ว่าการอำเภอยะหริ่ง,assembly_hall,,[],,,,ยะหริ่ง,หอประชุมที่ว่าการอำเภอยะหริ่ง,ที่ว่าการอำเภอยะหริ่ง
มหาวิทยาลัยเทคโนโลยีราชมงคลสุวรรณภูมิ,university,หอประชุมพระพิรุณโปรดเกล้า,[],,,,,หอประชุมพระพิรุณโปรดเกล้า (มหาวิทยาลัยเทคโนโลยีราชมงคลสุ,มหาวิทยาลัยเทคโนโลยีราชมงคลสุวรรณภูมิ
โรงเรียนวัดอินกัลยา,school,,['อาคารสภาสุ'],,,,,อาคารสภาสุ โรงเรียนวัดอินกัลยา,โรงเรียนวัดอินกัลยา
โรงเรียนวิเชียรกลิ่นสุคนธ์อุปถัมภ์,school,ห้องประชุม,[],,,,,ห้องประชุมโรงเรียนวิเชียรกลิ่นสุคนธ์อุปถัมภ์,โรงเรียนวิเชียรกลิ่นสุคนธ์อุปถัมภ์
โรงเรียนบางปะอิน ราชานุเคราะห์ 1,school,,[],,,,,"โรงเรียนบางปะอิน ""ราชานุเคราะห์ 1""",โรงเรียนบางปะอิน ราชานุเคราะห์ 1
วัดบ้านแพน,temple,,['โดมเอนกประสงค์'],,,,,โดมเอนกประสงค์วัดบ้านแพน,วัดบ้านแพน
ศาลาประชาคมจังหวัดพะเยา,assembly_hall,,[],,,,พะเยา,ศาลาประชาคมจังหวัดพะเยา,ศาลาประชาคมจังหวัดพะเยา
มหาวิทยาลัยพะเยา,university,,['อาคาร 99 ปี พระอุบาลีคุณูปมาจารย์'],,,,,อาคาร 99 ปี พระอุบาลีคุณูปมาจารย์ มหาวิทยาลัยพะเยา,มหาวิทยาลัยพะเยา
โรงเรียนเชียงคำวิทยาคม,school,,['หอประชุม'],,,,,หอประชุมโรงเรียนเชียงคำวิทยาคม,โรงเรียนเชียงคำวิทยาคม
โรงเรียนดอกคำใต้วิทยาคม,school,,['หอประชุม'],,,,,หอประชุมโรงเรียนดอกคำใต้วิทยาคม,โรงเรียนดอกคำใต้วิทยาคม
โรงเรียนเทศบาลบ้านท้ายช้าง,school,อาคารกีฬา,['อาคารกีฬาคุณธรรม'],,,,อำเภอเมืองพังงา,อาคารกีฬาคุณธรรม โรงเรียนเทศบาลบ้านท้ายช้าง อำเภอเมืองพังงา,โรงเรียนเทศบาลบ้านท้ายช้าง
อาคารเอนกประสงค์เทศบาลตำบลลำแก่น,other,,['อาคารเอนกประสงค์'],,,ตำบลลำแก่น,อำเภอท้ายเหมือง,อาคารเอนกประสงค์เทศบาลตำบลลำแก่น อำเภอท้ายเหมือง,อาคารเอนกประสงค์เทศบาลตำบลลำแก่น
โรงเรียนสตรีพัทลุง,school,อาคารอเนกประสงค์,[],,,,,อาคารอเนกประสงค์โรงเรียนสตรีพัทลุง,โรงเรียนสตรีพัทลุง
โรงเรียนควนขนุน,school,หอประชุม,[],,,,,หอประชุมอินทนิล โรงเรียนควนขนุน,โรงเรียนควนขนุน
โรงเรียนตะโหมด,school,,['อาคารอเนกประสงค์'],,,,,อาคารอเนกประสงค์โรงเรียนตะโหมด,โรงเรียนตะโหมด
หอประชุม,assembly_hall,,[],,อ.เมืองพิจิตร,,เมืองพิจิตร,หอประชุม อ.เมืองพิจิตร,หอประชุม
เทศบาลเมืองตะพานหิน,government_office,อาคารอเนกประสงค์,[],,,,,อาคารอเนกประสงค์ เทศบาลเมืองตะพานหิน,อาคารอเนกประสงค์ เทศบาลเมืองตะพานหิน
หอประชุม,assembly_hall,,[],,อ.โพทะเล,,โพทะเล,หอประชุม อ.โพทะเล,หอประชุม
มหาวิทยาลัยราชภัฏพิบูลสงคราม,university,หอประชุมศรีวชิรโชติ,[],,,,,หอประชุมศรีวชิรโชติ มหาวิทยาลัยราชภัฏพิบูลสงคราม,มหาวิทยาลัยราชภัฏพิบูลสงคราม
ศูนย์ประสานแผนพัฒนาท้องถิ่นประจำอำเภอพรหมพิราม,government_office,บริเวณ,[],,,,พรหมพิราม,บริเวณศูนย์ประสานแผนพัฒนาท้องถิ่นประจำอำเภอพรหมพิราม,ศูนย์ประสานแผนพัฒนาท้องถิ่นประจำอำเภอพรหมพิราม
ศูนย์ประสานแผนพัฒนาท้องถิ่นประจำอำเภอวังทอง,government_office,บริเวณ,[],,,,วังทอง,บริเวณศูนย์ประสานแผนพัฒนาท้องถิ่นประจำอำเภอวังทอง,ศูนย์ประสานแผนพัฒนาท้องถิ่นประจำอำเภอวังทอง
ศูนย์ประสานแผนพัฒนาท้องถิ่นประจำอำเภอบางระกำ,government_office,บริเวณ,[],,,,บางระกำ,บริเวณศูนย์ประสานแผนพัฒนาท้องถิ่นประจำอำเภอบางระกำ,ศูนย์ประสานแผนพัฒนาท้องถิ่นประจำอำเภอบางระกำ
ศูนย์ประสานแผนพัฒนาท้องถิ่นประจำอำเภอนครไทย,government_office,บริเวณ,[],,,,นครไทย,บริเวณศูนย์ประสานแผนพัฒนาท้องถิ่นประจำอำเภอนครไทย,ศูนย์ประสานแผนพัฒนาท้องถิ่นประจำอำเภอนครไทย
วิทยาลัยอาชีวศึกษาเพชรบุรี,school,,['หอประชุม'],,,,เมืองเพชรบุรี,หอประชุมวิทยาลัยอาชีวศึกษาเพชรบุรี อำเภอเมืองเพชรบุรี,วิทยาลัยอาชีวศึกษาเพชรบุรี
โรงเรียนเทศบาล 1 บ้านชะอำ,school,,[],,,,ชะอำ,โรงเรียนเทศบาล 1 บ้านชะอำ อำเภอชะอำ,โรงเรียนเทศบาล 1 บ้านชะอำ
ที่ว่าการอำเภอเขาย้อย,assembly_hall,,[],,,,เขาย้อย,หอประชุมที่ว่าการอำเภอเขาย้อย อำเภอเขาย้อย,ที่ว่าการอำเภอเขาย้อย
องค์การบริหารส่วนจังหวัดเพชรบูรณ์,assembly_hall,,[],,,,,หอประชุมองค์การบริหารส่วนจังหวัดเพชรบูรณ์,องค์การบริหารส่วนจังหวัดเพชรบูรณ์
หอประชุมอำเภอหล่มสัก,assembly_hall,,[],,,,หล่มสัก,หอประชุมอำเภอหล่มสัก,หอประชุมอำเภอหล่มสัก
โรงเรียนหล่มเก่าพิทยาคม,school,,['โดม'],,,,,โดมโรงเรียนหล่มเก่าพิทยาคม,โรงเรียนหล่มเก่าพิทยาคม
อำเภอชนแดน,assembly_hall,,[],,,,,หอประชุมอำเภอชนแดน,หอประชุมอำเภอชนแดน
หอประชุมอำเภอบึงสามพัน,assembly_hall,,[],,,,บึงสามพัน,หอประชุมอำเภอบึงสามพัน,หอประชุมอำเภอบึงสามพัน
เทศบาลเมืองวิเชียรบุรี,assembly_hall,,[],,,,,หอประชุมเทศบาลเมืองวิเชียรบุรี,หอประชุมเทศบาลเมืองวิเชียรบุรี
โดมสนามฟุตซอลและสนามบาสเกตบอล,sports_center,,"['โดมสนามฟุตซอล', 'สนามบาสเกตบอล']",,(ข้างยิมเนเซียมแบดมินตัน),,,โดมสนามฟุตซอลและสนามบาสเกตบอล(ข้างยิมเนเซียมแบดมินตัน),โดมสนามฟุตซอลและสนามบาสเกตบอล
โรงเรียนร้องกวางอนุสรณ์,school,,[],,,,ร้องกวาง,หอประชุมโรงเรียนร้องกวางอนุสรณ์ อำเภอร้องกวาง จังหวัดแพร่,โรงเรียนร้องกวางอนุสรณ์
โรงเรียนลองวิทยา,school,,['โดมอเนกประสงค์'],,,,ลอง,โดมอเนกประสงค์โรงเรียนลองวิทยา อำเภอลอง จังหวัดแพร่,โรงเรียนลองวิทยา
ศาลากลางจังหวัดภูเก็ตหลังเก่า,government_office,,['องค์การบริหารส่วนจังหวัดภูเก็ต'],,,,ภูเก็ต,องค์การบริหารส่วนจังหวัดภูเก็ต (ศาลากลางจังหวัดภูเก็ตหลังเก่า),ศาลากลางจังหวัดภูเก็ตหลังเก่า
ห้างสรรพสินค้าโรบินสันไลฟ์สไตล์ ฉลอง,mall,,[],,,ฉลอง,เมืองภูเก็ต,ห้างสรรพสินค้าโรบินสันไลฟ์สไตล์ ฉลอง ตำบลฉลอง อำเภอเมืองภูเก็ต,ห้างสรรพสินค้าโรบินสันไลฟ์สไตล์ ฉลอง
โรบินสันไลฟ์สไตล์ ถลาง,mall,ลานจอดรถด้านหน้าโซน A,[],,,,,ห้างสรรพสินค้าโรบินสันไลฟ์สไตล์ ถลาง (ลานจอดรถด้านหน้าโซน A),ห้างสรรพสินค้าโรบินสันไลฟ์สไตล์ ถลาง (ลานจอดรถด้านหน้าโซน A)
มหาวิทยาลัยราชภัฏมหาสารคาม,university,ใต้อาคารหอประชุม,[],,80 พรรษา,,,ใต้อาคารหอประชุม 80 พรรษา มหาวิทยาลัยราชภัฏมหาสารคาม,มหาวิทยาลัยราชภัฏมหาสารคาม
ที่ว่าการอำเภอวาปีปทุม,assembly_hall,,[],,,,วาปีปทุม,หอประชุมที่ว่าการอำเภอวาปีปทุม,ที่ว่าการอำเภอวาปีปทุม
ที่ว่าการอำเภอพยัคฆภูมิพิสัย,assembly_hall,,[],,,,พยัคฆภูมิพิสัย,หอประชุมที่ว่าการอำเภอพยัคฆภูมิพิสัย,ที่ว่าการอำเภอพยัคฆภูมิพิสัย
บรบือ,assembly_hall,,['ที่ว่าการอำเภอบรบือ'],,,,,หอประชุมที่ว่าการอำเภอบรบือ,หอประชุมที่ว่าการอำเภอบรบือ
ที่ว่าการอำเภอโกสุมพิสัย,assembly_hall,,[],,,,โกสุมพิสัย,หอประชุมที่ว่าการอำเภอโกสุมพิสัย,ที่ว่าการอำเภอโกสุมพิสัย
ที่ว่าการอำเภอเชียงยืน,assembly_hall,,[],,,,เชียงยืน,หอประชุมที่ว่าการอำเภอเชียงยืน,ที่ว่าการอำเภอเชียงยืน
หอประชุม 250 ปี,assembly_hall,,[],,มุกดาหาร,,มุกดาหาร,หอประชุม 250 ปี มุกดาหาร,หอประชุม 250 ปี
ศาลาประชาคมอำเภอคำชะอี,assembly_hall,,[],,,,คำชะอี,ศาลาประชาคมอำเภอคำชะอี,ศาลาประชาคมอำเภอคำชะอี
ศาลาประชาคมจังหวัดแม่ฮ่องสอน,assembly_hall,,[],,,ตำบลจองคำ,อำเภอเมืองแม่ฮ่องสอน,ศาลาประชาคมจังหวัดแม่ฮ่องสอน ตำบลจองคำ อำเภอเมืองแม่ฮ่องสอน,ศาลาประชาคมจังหวัดแม่ฮ่องสอน
อำเภอแม่สะเรียง,assembly_hall,,[],,จังหวัดแม่ฮ่องสอน,,แม่ฮ่องสอน,หอประชุมอำเภอแม่สะเรียง จังหวัดแม่ฮ่องสอน,หอประชุมอำเภอแม่สะเรียง จังหวัดแม่ฮ่องสอน
โรงเรียนยโสธรพิทยาคม,school,,['โดมอเนกประสงค์'],,,,เมืองยโสธร,โดมอเนกประสงค์โรงเรียนยโสธรพิทยาคม อำเภอเมืองยโสธร,โรงเรียนยโสธรพิทยาคม
เทศบาลตำบลฟ้าหยาด,government_office,,['อาคารอเนกประสงค์'],,,,อำเภอมหาชนะชัย,อาคารอเนกประสงค์เทศบาลตำบลฟ้าหยาด อำเภอมหาชนะชัย,อาคารอเนกประสงค์เทศบาล
กุดชุม,assembly_hall|government_office,,['ที่ว่าการอำเภอกุดชุม'],,,,กุดชุม,หอประชุมอำเภอกุดชุม ที่ว่าการอำเภอกุดชุม,หอประชุมอำเภอกุดชุม ที่ว่าการอำเภอกุดชุม
ศูนย์เยาวชนเทศบาลนครยะลา,sports_center,,['อาคารศรีนิบง'],,,,,อาคารศรีนิบง ศูนย์เยาวชนเทศบาลนครยะลา,ศูนย์เยาวชนเทศบาลนครยะลา
เทศบาลตำบลยะหา,government_office,อาคารตลาด,[],,,,,อาคารตลาด เทศบาลตำบลยะหา,อาคารตลาด เทศบาล
โรงเรียนบันนังสตาอินทรฉัตร,school,,[],,,,,โรงเรียนบันนังสตาอินทรฉัตร,โรงเรียนบันนังสตาอินทรฉัตร
เทศบาลเมืองเบตง,government_office,,['อาคารอเนกประสงค์'],,(โรงยิม),,,อาคารอเนกประสงค์ (โรงยิม) เทศบาลเมืองเบตง,อาคารอเนกประสงค์ (โรงยิม) เทศบาลเมืองเบตง
ที่ว่าการอำเภอเมืองร้อยเอ็ด,assembly_hall,,[],,,,เมืองร้อยเอ็ด,หอประชุมที่ว่าการอำเภอเมืองร้อยเอ็ด,ที่ว่าการอำเภอเมืองร้อยเอ็ด
ที่ว่าการอำเภอเชียงขวัญ,assembly_hall,,[],,,,เชียงขวัญ,หอประชุมที่ว่าการอำเภอเชียงขวัญ,ที่ว่าการอำเภอเชียงขวัญ
ที่ว่าการอำเภอหนองพอก,assembly_hall,,[],,,,หนองพอก,หอประชุมที่ว่าการอำเภอหนองพอก,ที่ว่าการอำเภอหนองพอก
ที่ว่าการอำเภอเสลภูมิ,assembly_hall,,[],,,,เสลภูมิ,หอประชุมที่ว่าการอำเภอเสลภูมิ,ที่ว่าการอำเภอเสลภูมิ
ที่ว่าการอำเภออาจสามารถ,assembly_hall,,[],,,,,หอประชุมที่ว่าการอำเภออาจสามารถ,ที่ว่าการอำเภออาจสามารถ
ที่ว่าการอำเภอสุวรรณภูมิ,assembly_hall,,[],,,,สุวรรณภูมิ,หอประชุมที่ว่าการอำเภอสุวรรณภูมิ,ที่ว่าการอำเภอสุวรรณภูมิ
ที่ว่าการอำเภอเกษตรวิสัย,assembly_hall,,[],,,,เกษตรวิสัย,หอประชุมที่ว่าการอำเภอเกษตรวิสัย,ที่ว่าการอำเภอเกษตรวิสัย
ที่ว่าการอำเภอจตุรพักตรพิมาน,assembly_hall,,[],,,,จตุรพักตรพิมาน,หอประชุมที่ว่าการอำเภอจตุรพักตรพิมาน,ที่ว่าการอำเภอจตุรพักตรพิมาน
อาคารเฉลิมพระเกียรติ 80 พรรษา,government_office,,['อาคารเฉลิมพระเกียรติ 80 พรรษา'],,องค์การบริหารส่วนจังหวัดระนอง,,ระนอง,อาคารเฉลิมพระเกียรติ 80 พรรษา องค์การบริหารส่วนจังหวัดระนอง,อาคารเฉลิมพระเกียรติ 80 พรรษา
โรงเรียนวัดห้วยโป่ง,school,,[],,,,เมืองระยอง,โรงเรียนวัดห้วยโป่ง อำเภอเมืองระยอง,โรงเรียนวัดห้วยโป่ง
โรงเรียนมัธยมตากสินระยอง,school,,[],,,,เมืองระยอง,โรงเรียนมัธยมตากสินระยอง อำเภอเมืองระยอง,โรงเรียนมัธยมตากสินระยอง
ศาลาเศรษฐกิจพอเพียง,other,,[],,,,แกลง,ศาลาเศรษฐกิจพอเพียง ที่ว่าการอำเภอแกลง,ศาลาเศรษฐกิจพอเพียง
โรงเรียนอนุบาลนานาชาติตากสินบ้านค่าย,school,,[],,(วัดหวายกรอง),,บ้านค่าย,โรงเรียนอนุบาลนานาชาติตากสินบ้านค่าย (วัดหวายกรอง) อำเภอบ้านค่าย,โรงเรียนอนุบาลนานาชาติตากสินบ้านค่าย
โรงเรียนนิคมวิทยา,school,,[],,,,อำเภอนิคมพัฒนา,โรงเรียนนิคมวิทยา อำเภอนิคมพัฒนา,โรงเรียนนิคมวิทยา
โรงยิมเนเซียมราชบุรี,sports_center,,[],,,,ราชบุรี,โรงยิมเนเซียมราชบุรี,โรงยิมเนเซียมราชบุรี
ปากท่อ,assembly_hall,,[],,,,,หอประชุมอำเภอปากท่อ,หอประชุมอำเภอปากท่อ
อำเภอโพธาราม,assembly_hall,,[],,,,,หอประชุมอำเภอโพธาราม,หอประชุมอำเภอโพธาราม
โรงเรียนวัดบ้านโป่ง สามัคคีคุณูปถัมภ์,school,,[],,,,บ้านโป่ง,"โรงเรียนวัดบ้านโป่ง ""สามัคคีคุณูปถัมภ์"" อำเภอบ้านโป่ง",โรงเรียนวัดบ้านโป่ง สามัคคีคุณูปถัมภ์
ศาลาเฉลิมพระเกียรติ 60 พรรษา ร.9,assembly_hall,,[],,,,ดำเนินสะดวก,"""ศาลาเฉลิมพระเกียรติ 60 พรรษา ร.9"" ที่ว่าการอำเภอดำเนินสะดวก",ศาลาเฉลิมพระเกียรติ 60 พรรษา ร.9
โรงเรียนโคกสำโรงวิทยา,school,,[],,,,โคกสำโรง,โรงเรียนโคกสำโรงวิทยา อำเภอโคกสำโรง,โรงเรียนโคกสำโรงวิทยา
พระรามเมศวร,sports_center,,[],,,,เมืองลพบุรี,สนามกีฬาพระรามเมศวร อำเภอเมืองลพบุรี,สนามกีฬาพระรามเมศวร อำเภอเมืองลพบุรี
สนามกีฬาเทศบาลเมืองบ้านหมี่,sports_center,โดมเอนกประสงค์,[],,,,,โดมเอนกประสงค์สนามกีฬาเทศบาลเมืองบ้านหมี่,สนามกีฬาเทศบาลเมืองบ้านหมี่
หอประชุมอำเภอพัฒนานิคม,assembly_hall,โดม,[],,,,พัฒนานิคม,โดมข้างหอประชุมอำเภอพัฒนานิคม,หอประชุมอำเภอพัฒนานิคม
โรงเรียนเตรียมอุดมศึกษาพัฒนาการเขลางค์นคร,school,หอประชุม,[],,,,เมือง,หอประชุมโรงเรียนเตรียมอุดมศึกษาพัฒนาการเขลางค์นคร อำเภอเมือง,โรงเรียนเตรียมอุดมศึกษาพัฒนาการเขลางค์นคร
ที่ว่าการอำเภอแจ้ห่ม,assembly_hall,,[],,,,แจ้ห่ม,หอประชุมที่ว่าการอำเภอแจ้ห่ม,ที่ว่าการอำเภอแจ้ห่ม
เทศบาลเมืองเขลางค์นคร,government_office,,['ห้องประชุมชมพู'],,,,อำเภอเมืองลำปาง,ห้องประชุมชมพู เทศบาลเมืองเขลางค์นคร อำเภอเมืองลำปาง,ห้องประชุมชมพู เทศบาลเมืองเขลางค์นคร อำเภอเมืองลำปาง
โรงเรียนเถินวิทยา,school,หอประชุมรัตนปัญโญ,[],,,,อำเภอเถิน,หอประชุมรัตนปัญโญ โรงเรียนเถินวิทยา อำเภอเถิน,โรงเรียนเถินวิทยา
องค์การบริหารส่วนจังหวัดลำพูน,government_office,,['หอประชุม'],,,,เมืองลำพูน,หอประชุมองค์การบริหารส่วนจังหวัดลำพูน อำเภอเมืองลำพูน จังหวัด,องค์การบริหารส่วนจังหวัดลำพูน
โรงเรียนธีรกานท์บ้านโฮง,school,,[],,,บ้านโฮง,บ้านโฮง,หอประชุมโรงเรียนธีรกานท์บ้านโฮ่ง ตำบลบ้านโฮ่ง อำเภอบ้านโฮ่ง,โรงเรียนธีรกานท์บ้านโฮง
ศูนย์เยาวชนเทศบาลเมืองเลย,other,,[],,,,เทศบาลเมืองเลย,ศูนย์เยาวชนเทศบาลเมืองเลย,ศูนย์เยาวชนเทศบาลเมืองเลย
โรงเรียนชุมชนวังสะพุง,school,,[],,,,,โรงเรียนชุมชนวังสะพุง,โรงเรียนชุมชนวังสะพุง
อำเภอภูเรือ,assembly_hall,,[],,,,,หอประชุมอำเภอภูเรือ,หอประชุมอำเภอภูเรือ
ศาลาประชาคมอำเภอเชียงคาน,assembly_hall,,[],,,,เชียงคาน,ศาลาประชาคมอำเภอเชียงคาน,ศาลาประชาคมอำเภอเชียงคาน
หอประชุมเฉลิมพระเกียรติฉลองสิริราชสมบัติ ครบ 60 ปี,assembly_hall,,[],,,,อำเภอเมือง,หอประชุมเฉลิมพระเกียรติฉลองสิริราชสมบัติ ครบ 60 ปี อำเภอเมือง,หอประชุมเฉลิมพระเกียรติฉลองสิริราชสมบัติ ครบ 60 ปี
กันทรารมย์,assembly_hall,,[],,,,อำเภอกันทรารมย์,หอประชุมอำเภอกันทรารมย์,หอประชุมอำเภอกันทรารมย์
ที่ว่าการอำเภอศรีรัตนะ,assembly_hall,,[],,,,ศรีรัตนะ,หอประชุมที่ว่าการอำเภอศรีรัตนะ,ที่ว่าการอำเภอศรีรัตนะ
ที่ว่าการอำเภอกันทรลักษ์,assembly_hall,,[],,,,กันทรลักษ์,หอประชุมที่ว่าการอำเภอกันทรลักษ์,ที่ว่าการอำเภอกันทรลักษ์
โรงเรียนขุนหาญวิทยาสรรค์,school,หอประชุม,[],,,,,หอประชุมโรงเรียนขุนหาญวิทยาสรรค์,โรงเรียนขุนหาญวิทยาสรรค์
ศาลาประชาคมอำเภอขุขันธ์,assembly_hall,,[],,,,ขุขันธ์,ศาลาประชาคมอำเภอขุขันธ์,ศาลาประชาคมอำเภอขุขันธ์
หอประชุมอำเภอปรางค์กู่,assembly_hall,,[],,,,ปรางค์กู่,หอประชุมอำเภอปรางค์กู่,หอประชุมอำเภอปรางค์กู่
อำเภออุทุมพรพิสัย,assembly_hall,,[],,,,,หอประชุมอำเภออุทุมพรพิสัย,หอประชุมอำเภออุทุมพรพิสัย
ที่ว่าการอำเภอราษีไศล,assembly_hall,,[],,,,ราษีไศล,หอประชุมที่ว่าการอำเภอราษีไศล,ที่ว่าการอำเภอราษีไศล
กองบัญชาการตำรวจตระเวนชายแดนที่ 23,government_office,,['ค่ายศรีสกุลวงศ์'],,,,,กองบัญชาการตำรวจตระเวนชายแดนที่ 23 (ค่ายศรีสกุลวงศ์),กองบัญชาการตำรวจตระเวนชายแดนที่ 23 (ค่ายศรีสกุลวงศ์)
อำเภอโคกศรีสุพรรณ,assembly_hall,,[],,,ตำบลตองโขบ,,หอประชุมอำเภอโคกศรีสุพรรณ ตำบลตองโขบ,หอประชุมอำเภอโคกศรีสุพรรณ
ที่ว่าการอำเภออากาศอำนวย,assembly_hall,,[],,,,อากาศอำนวย,หอประชุมที่ว่าการอำเภออากาศอำนวย,ที่ว่าการอำเภออากาศอำนวย
ที่ว่าการอำเภอวาริชภูมิ,assembly_hall,,[],,,,วาริชภูมิ,หอประชุมที่ว่าการอำเภอวาริชภูมิ,ที่ว่าการอำเภอวาริชภูมิ
อำเภอสว่างแดนดิน,assembly_hall,,[],,,,,หอประชุมอำเภอสว่างแดนดิน,หอประชุมอำเภอสว่างแดนดิน
อำเภอพังโคน,assembly_hall,,[],,,,,หอประชุมอำเภอพังโคน,หอประชุมอำเภอพังโคน
โดมสวนสาธารณะหนองดินจี่,dome,,[],,,เขตเทศบาลตำบลบ้านม่วง,,โดมสวนสาธารณะหนองดินจี่ (เขตเทศบาลตำบลบ้านม่วง),โดมสวนสาธารณะหนองดินจี่
โรงเรียนมหาวชิราวุธจังหวัดสงขลา,school,หอประชุม,[],,เปรม 100 ปี,,สงขลา,หอประชุมเปรม 100 ปี โรงเรียนมหาวชิราวุธจังหวัดสงขลา,โรงเรียนมหาวชิราวุธจังหวัดสงขลา
หอประชุมเทศบาลนครหาดใหญ่,assembly_hall,,[],,,,หาดใหญ่,หอประชุมเทศบาลนครหาดใหญ่,หอประชุมเทศบาลนครหาดใหญ่
เทศบาลเมืองคอหงส์,government_office,,[],,,,,เทศบาลเมืองคอหงส์,เทศบาลเมืองคอหงส์
ศาลาประชาคม,assembly_hall,,[],,ที่ว่าการอำเภอสทิงพระ,,สทิงพระ,ศาลาประชาคมที่ว่าการอำเภอสทิงพระ,ศาลาประชาคม
โรงเรียนควนเนียงวิทยา,school,,['หอประชุม'],,,,,หอประชุมโรงเรียนควนเนียงวิทยา,โรงเรียนควนเนียงวิทยา
สะเดา,assembly_hall,,['ศาลาประชาคม'],,,,อำเภอสะเดา,ศาลาประชาคมที่ว่าการอำเภอสะเดา,ศาลาประชาคมที่ว่าการอำเภอสะเดา
ศาลาประชาคม,assembly_hall,,[],,ที่ว่าการอำเภอนาทวี,,นาทวี,ศาลาประชาคมที่ว่าการอำเภอนาทวี,ศาลาประชาคม
โรงเรียนบ้านนา,school,,['หอประชุม'],,,,,หอประชุมโรงเรียนบ้านนา,โรงเรียนบ้านนา
โรงเรียนหาดใหญ่รัฐประชาสรรค์,school,,['โรงยิมเนเซี่ยม'],,,,,โรงยิมเนเซี่ยมโรงเรียนหาดใหญ่รัฐประชาสรรค์,โรงเรียนหาดใหญ่รัฐประชาสรรค์
วิทยาลัยเทคนิคสตูล,school,,[],ชั้นล่าง,,,,หอประชุมวิทยาลัยเทคนิคสตูล ชั้นล่าง,วิทยาลัยเทคนิคสตูล
โรงเรียนละงูพิทยาคม,school,หอประชุม,[],,,,,หอประชุมโรงเรียนละงูพิทยาคม,โรงเรียนละงูพิทยาคม
ศูนย์พักรักษาใจ,other,,[],,,เทศบาลตำบลบางเมือง,,ศูนย์พักรักษาใจ เทศบาลตำบลบางเมือง,ศูนย์พักรักษาใจ
โรงเรียนสมุทรปราการ,school,บริเวณ,[],,,,,บริเวณโรงเรียนสมุทรปราการ,โรงเรียนสมุทรปราการ
ซีคอมเพล็กซ์บางปู,assembly_hall,,['สำนักงานเทศบาลตำบลบางปู'],,,,บางปู,ศูนย์ประชุม ซีคอมเพล็กซ์บางปู สำนักงานเทศบาลตำบลบางปู,ศูนย์ประชุม ซีคอมเพล็กซ์บางปู สำนักงานเทศบาล
สำนักงานเทศบาลตำบลเทพารักษ์,government_office,ลานอเนกประสงค์,[],,,,,ลานอเนกประสงค์สำนักงานเทศบาลตำบลเทพารักษ์,สำนักงานเทศบาลตำบลเทพารักษ์
โรงเรียนบางพลีราษฎร์บำรุง,school,,[],,,,,โรงเรียนบางพลีราษฎร์บำรุง,โรงเรียนบางพลีราษฎร์บำรุง
โรงเรียนพูลเจริญวิทยาคม,school,,[],,,,,โรงเรียนพูลเจริญวิทยาคม,โรงเรียนพูลเจริญวิทยาคม
โรงเรียนราชประชาสมาสัยฝ่ายมัธยม รัชดาภิเษก,school,,[],,ในพระบรมราชูปถัมภ์,,,โรงเรียนราชประชาสมาสัยฝ่ายมัธยม รัชดาภิเษก ในพระบรมราชูปถ,โรงเรียนราชประชาสมาสัยฝ่ายมัธยม รัชดาภิเษก
โรงเรียนป้อมนาคราชสวาทยานนท์,school,,[],,,,,โรงเรียนป้อมนาคราชสวาทยานนท์,โรงเรียนป้อมนาคราชสวาทยานนท์
โรงเรียนบางบ่อวิทยาคม,school,,[],,,,,โรงเรียนบางบ่อวิทยาคม,โรงเรียนบางบ่อวิทยาคม
โรงเรียนศรัทธาสมุทร,school,,['โดมน้ำเงิน'],,,,,โดมน้ำเงิน โรงเรียนศรัทธาสมุทร,โรงเรียนศรัทธาสมุทร
โรงเรียนสมุทรสาครวิทยาลัย,school,,[],,,,เมืองสมุทรสาคร,โรงเรียนสมุทรสาครวิทยาลัย อำเภอเมืองสมุทรสาคร,โรงเรียนสมุทรสาครวิทยาลัย
โรงเรียนสมุทรสาครวุฒิชัย,school,,[],,,,เมืองสมุทรสาคร,โรงเรียนสมุทรสาครวุฒิชัย อำเภอเมืองสมุทรสาคร,โรงเรียนสมุทรสาครวุฒิชัย
เทศบาลนครอ้อมน้อย,government_office,บริเวณ,['อาคารที่จอดรถกองช่าง'],,,,,บริเวณอาคารที่จอดรถกองช่าง เทศบาลนครอ้อมน้อย,บริเวณอาคารที่จอดรถกองช่าง เทศบาลนครอ้อมน้อย
อาคารกองร้อยอาสารักษาดินแดนบ้านแพ้ว ที่ 3,other,บริเวณ,[],,,,,บริเวณอาคารกองร้อยอาสารักษาดินแดนบ้านแพ้ว ที่ 3,อาคารกองร้อยอาสารักษาดินแดนบ้านแพ้ว ที่ 3
ที่ว่าการอำเภอเมืองสระแก้ว,assembly_hall,,[],,,,เมืองสระแก้ว,หอประชุมที่ว่าการอำเภอเมืองสระแก้ว,ที่ว่าการอำเภอเมืองสระแก้ว
ที่ว่าการอำเภอวัฒนานคร,assembly_hall,,[],,,,วัฒนานคร,หอประชุมที่ว่าการอำเภอวัฒนานคร,ที่ว่าการอำเภอวัฒนานคร
อาคารอเนกประสงค์เทศบาลเมืองอรัญญประเทศ,other,,['อาคารอเนกประสงค์'],,,,,อาคารอเนกประสงค์เทศบาลเมืองอรัญญประเทศ,อาคารอเนกประสงค์เทศบาลเมืองอรัญญประเทศ
Big C Place สาขาสระบุรี,mall,,[],,,,สระบุรี,บิ๊กซี เพลส (Big C Place) สาขาสระบุรี,บิ๊กซี เพลส (Big C Place) สาขาสระบุรี
องค์การบริหารส่วนตำบลตาลเดี่ยว,other,,['โดม'],,,,,โดมองค์การบริหารส่วนตำบลตาลเดี่ยว,โดมองค์การบริหารส่วน
ศูนย์บริการสาธารณสุขชุมชนเทศบาลตำบลหินกอง,other,,['อาคารสนามฟุตบอล'],,,,หินกอง,ศูนย์บริการสาธารณสุขชุมชนเทศบาลตำบลหินกอง (อาคารสนามฟุต,ศูนย์บริการสาธารณสุขชุมชนเทศบาลตำบลหินกอง
โรงเรียนอนุบาลวัดพระพุทธบาท,school,หอประชุมแสงอรุณภักดี,[],,,,,หอประชุมแสงอรุณภักดี โรงเรียนอนุบาลวัดพระพุทธบาท,โรงเรียนอนุบาลวัดพระพุทธบาท
องค์การบริหารส่วนจังหวัดสิงห์บุรี,government_office,,['อาคารอเนกประสงค์สนามกีฬา (โดม)'],,,,,อาคารอเนกประสงค์สนามกีฬา (โดม) องค์การบริหารส่วนจังหวัดสิง,องค์การบริหารส่วนจังหวัดสิงห์บุรี
โรงเรียนอุดมดรุณี,school,,['โดม'],,,,,โดม โรงเรียนอุดมดรุณี,โรงเรียนอุดมดรุณี
ที่ว่าการอำเภอศรีสำมาศ,assembly_hall,,[],,,,ศรีสำมาศ,หอประชุมที่ว่าการอำเภอศรีสำมาศ,ที่ว่าการอำเภอศรีสำมาศ
สวรรคโลก,assembly_hall,,['ที่ว่าการอำเภอสวรรคโลก'],,,,,หอประชุมที่ว่าการอำเภอสวรรคโลก,หอประชุมที่ว่าการอำเภอสวรรคโลก
ที่ว่าการอำเภอศรีสัชนาลัย,assembly_hall,,[],,,,ศรีสัชนาลัย,หอประชุมที่ว่าการอำเภอศรีสัชนาลัย,ที่ว่าการอำเภอศรีสัชนาลัย
โรงเรียนกรรณสูตศึกษาลัย,school,หอประชุม 1,[],,,,อำเภอเมืองสุพรรณบุรี,หอประชุม 1 โรงเรียนกรรณสูตศึกษาลัย อำเภอเมืองสุพรรณบุรี,โรงเรียนกรรณสูตศึกษาลัย
โรงเรียนบางปลาม้า สูงสุมารผดุงวิทย์,school,,['อาคารอเนกประสงค์'],,(โดม),,,"อาคารอเนกประสงค์ (โดม) โรงเรียนบางปลาม้า ""สูงสุมารผดุงวิทย์""",โรงเรียนบางปลาม้า สูงสุมารผดุงวิทย์
โรงเรียนอู่ทอง,school,อาคารศูนย์บริการชุมชน,[],,,,อำเภออู่ทอง,อาคารศูนย์บริการชุมชน โรงเรียนอู่ทอง อำเภออู่ทอง,โรงเรียนอู่ทอง
โรงเรียนธรรมโชติศึกษาลัย,school,,['อาคารโดม'],,,,เดิมบางนางบวช,อาคารโดม โรงเรียนธรรมโชติศึกษาลัย อำเภอเดิมบางนางบวช,โรงเรียนธรรมโชติศึกษาลัย
โรงเรียนบรรหารแจ่มใสวิทยา 1,school,,['โรงฝึกพลศึกษา'],,,,ดอนเจดีย์,โรงฝึกพลศึกษา โรงเรียนบรรหารแจ่มใสวิทยา 1 อำเภอดอนเจดีย์,โรงเรียนบรรหารแจ่มใสวิทยา 1
โรงเรียนสุราษฎร์ธานี,school,หอประชุม,[],,,,เมืองสุราษฎร์ธานี,หอประชุมโรงเรียนสุราษฎร์ธานี อำเภอเมืองสุราษฎร์ธานี,โรงเรียนสุราษฎร์ธานี
โรงเรียนองค์การบริหารส่วนจังหวัดสุราษฎร์ธานี 1 (ดอนสัก),school,,[],,,,,หอประชุมโรงเรียนองค์การบริหารส่วนจังหวัดสุราษฎร์ธานี 1 (ดอนสัก),โรงเรียนองค์การบริหารส่วนจังหวัดสุราษฎร์ธานี 1 (ดอนสัก)
หอประชุมกาญจนาภิเษก,assembly_hall,,[],,,,เกาะสมุย,หอประชุมกาญจนาภิเษกอำเภอเกาะสมุย,หอประชุมกาญจนาภิเษก
ศาลาประชาคมอำเภอบ้านนาสาร,assembly_hall,,[],,,,บ้านนาสาร,ศาลาประชาคมอำเภอบ้านนาสาร,ศาลาประชาคมอำเภอบ้านนาสาร
โรงเรียนวัดตรณาราม,school,,[],,,,พุนพิน,โรงเรียนวัดตรณาราม อำเภอพุนพิน,โรงเรียนวัดตรณาราม
หอประชุมวิภาวดี,assembly_hall,ศาลาอเนกประสงค์หน้า,[],,,,พระแสง,ศาลาอเนกประสงค์หน้าหอประชุมวิภาวดี อำเภอพระแสง,หอประชุมวิภาวดี
โรงเรียนกาญจนาภิเษกวิทยาลัย สุราษฎร์ธานี,school,,[],,,,ไชยา,โรงเรียนกาญจนาภิเษกวิทยาลัย สุราษฎร์ธานี อำเภอไชยา จังหวัดสุราษฎร์ธานี,โรงเรียนกาญจนาภิเษกวิทยาลัย สุราษฎร์ธานี
มหาวิทยาลัยราชภัฏสุราษฎร์ธานี,university,อาคารลานกิจกรรมรัตนพรหม,[],,,,เมืองสุราษฎร์ธานี,อาคารลานกิจกรรมรัตนพรหม มหาวิทยาลัยราชภัฏสุราษฎร์ธานี อำเภอเมืองสุราษฎร์ธานี,มหาวิทยาลัยราชภัฏสุราษฎร์ธานี
องค์การบริหารส่วนจังหวัดสุรินทร์,assembly_hall,,[],,,,สุรินทร์,หอประชุมองค์การบริหารส่วนจังหวัดสุรินทร์,องค์การบริหารส่วนจังหวัดสุรินทร์
อำเภอเขวาสินรินทร์,assembly_hall,,[],,,,,หอประชุมอำเภอเขวาสินรินทร์,หอประชุมอำเภอเขวาสินรินทร์
อำเภอจอมพระ,assembly_hall,,[],,,,,หอประชุมอำเภอจอมพระ,หอประชุมอำเภอจอมพระ
อำเภอรัตนบุรี,assembly_hall,,[],,,,,หอประชุมอำเภอรัตนบุรี,หอประชุมอำเภอรัตนบุรี
หอประชุมอำเภอสำโรงทาบ,assembly_hall,,[],,(หลังใหม่),,สำโรงทาบ,หอประชุมอำเภอสำโรงทาบ (หลังใหม่),หอประชุมอำเภอสำโรงทาบ
อำเภอสังขะ,assembly_hall,,[],,,,,หอประชุมอำเภอสังขะ,หอประชุมอำเภอสังขะ
หอประชุมอำเภอปราสาท,assembly_hall,,[],,,,ปราสาท,หอประชุมอำเภอปราสาท,หอประชุมอำเภอปราสาท
กาบเชิง,assembly_hall,,[],,,,,หอประชุมอำเภอกาบเชิง,หอประชุมอำเภอกาบเชิง
หอประชุมอำเภอเมืองหนองคาย,assembly_hall,,[],,(หลังเดิม),,เมืองหนองคาย,หอประชุมอำเภอเมืองหนองคาย (หลังเดิม),หอประชุมอำเภอเมืองหนองคาย
หอประชุมอำเภอเฝ้าไร่,assembly_hall,,[],,,,เฝ้าไร่,หอประชุมอำเภอเฝ้าไร่,หอประชุมอำเภอเฝ้าไร่
หอประชุมเฉลิมพระเกียรติ 80 พรรษา,assembly_hall,,[],,,,ท่าบ่อ,หอประชุมเฉลิมพระเกียรติ 80 พรรษา อำเภอท่าบ่อ,หอประชุมเฉลิมพระเกียรติ 80 พรรษา
โรงเรียนหนองบัวพิทยาคาร,school,โดมหอประชุม,[],,,,,โดมหอประชุมโรงเรียนหนองบัวพิทยาคาร,โรงเรียนหนองบัวพิทยาคาร
โรงเรียนศรีบุญเรืองวิทยาคาร,school,โดมหอประชุม,[],,,,,โดมหอประชุมโรงเรียนศรีบุญเรืองวิทยาคาร,โรงเรียนศรีบุญเรืองวิทยาคาร
อำเภอนากลาง,assembly_hall,(หลังเก่า),[],,,,,หอประชุมอำเภอนากลาง (หลังเก่า),หอประชุมอำเภอนากลาง (หลังเก่า)
โรงเรียนวิเศษไชยชาญ ตันติวิทยาภูมิ,school,โดม 72 ปี (ด้านใน),[],,"""ตันติวิทยาภูมิ""",,,"โดม 72 ปี ""ตันติวิทยาภูมิ"" (ด้านใน) โรงเรียนวิเศษไชยชาญ ""ตันติวิทยาภูมิ""",โรงเรียนวิเศษไชยชาญ ตันติวิทยาภูมิ
โรงเรียนโพธิ์ทอง,school,อาคาร 57 ปี จินดามณี (ส่วนหน้า),['โรงเรียนโพธิ์ทอง'],,จินดามณี,,,"อาคาร 57 ปี จินดามณี (ส่วนหน้า)โรงเรียนโพธิ์ทอง ""จินดามณี""",โรงเรียนโพธิ์ทอง
อำเภอเมืองอำนาจเจริญ,assembly_hall,,[],,,,,หอประชุมอำเภอเมืองอำนาจเจริญ,หอประชุมอำเภอเมืองอำนาจเจริญ
โรงเรียนปทุมราชวงศา,school,,['หอประชุม'],,,,,หอประชุมโรงเรียนปทุมราชวงศา,โรงเรียนปทุมราชวงศา
โรงเรียนเทศบาล 6 เทศบาลนครอุดรธานี,school,ห้องประชุม,[],,,,นครอุดรธานี,ห้องประชุมโรงเรียนเทศบาล 6 เทศบาลนครอุดรธานี,โรงเรียนเทศบาล 6 เทศบาลนครอุดรธานี
สำนักงานเทศบาลตำบลหนองบัว,government_office,,[],,,,หนองบัว,สำนักงานเทศบาลตำบลหนองบัว,สำนักงานเทศบาลตำบลหนองบัว
อำเภอเพ็ญ,assembly_hall,,[],,,,,หอประชุมอำเภอเพ็ญ,หอประชุมอำเภอเพ็ญ
อำเภอบ้านดุง,assembly_hall,,[],,,,,หอประชุมอำเภอบ้านดุง,หอประชุมอำเภอบ้านดุง
อำเภอหนองหาน,assembly_hall,,[],,,,,หอประชุมอำเภอหนองหาน,หอประชุมอำเภอหนองหาน
อำเภอศรีธาตุ,assembly_hall,,[],,,,,หอประชุมอำเภอศรีธาตุ,หอประชุมอำเภอศรีธาตุ
กุมภวาปี,assembly_hall,,[],,,,,หอประชุมอำเภอกุมภวาปี,หอประชุมอำเภอกุมภวาปี
หอประชุมอำเภอหนองวัวซอ,assembly_hall,,[],,,,หนองวัวซอ,หอประชุมอำเภอหนองวัวซอ,หอประชุมอำเภอหนองวัวซอ
กุดจับ,assembly_hall,,[],,,,,หอประชุมอำเภอกุดจับ,หอประชุมอำเภอกุดจับ
หอประชุมบริบาลภูมิเขตต์,assembly_hall,,[],,(อำเภอบ้านผือ),,บ้านผือ,หอประชุมบริบาลภูมิเขตต์ (อำเภอบ้านผือ),หอประชุมบริบาลภูมิเขตต์
สนามกีฬาพระยาพิชัยดาบหัก,sports_center,บริเวณ,['อาคารอเนกประสงค์'],,,,,บริเวณอาคารอเนกประสงค์ สนามกีฬาพระยาพิชัยดาบหัก,สนามกีฬาพระยาพิชัยดาบหัก
ที่ว่าการอำเภอท่าปลา,assembly_hall,,[],,,,ท่าปลา,หอประชุมที่ว่าการอำเภอท่าปลา,ที่ว่าการอำเภอท่าปลา
วิทยาลัยการอาชีพพิชัย,school,,['สนามกีฬาในร่ม'],,,,,สนามกีฬาในร่มภายในวิทยาลัยการอาชีพพิชัย,วิทยาลัยการอาชีพพิชัย
โรงเรียนอุทัยวิทยาคม,school,บริเวณ,[],,,,,บริเวณโรงเรียนอุทัยวิทยาคม,โรงเรียนอุทัยวิทยาคม
วิทยาลัยชุมชนอุทัยธานี,school,บริเวณ,[],,,,,บริเวณวิทยาลัยชุมชนอุทัยธานี,วิทยาลัยชุมชนอุทัยธานี
ศูนย์แสดงและจัดจำหน่ายสินค้าหนึ่งตำบลหนึ่งผลิตภัณฑ์ (OTOP Center),mall,,[],,,,,ศูนย์แสดงและจัดจำหน่ายสินค้าหนึ่งตำบลหนึ่งผลิตภัณฑ์ (OTOP C,ศูนย์แสดงและจัดจำหน่ายสินค้าหนึ่งตำบลหนึ่งผลิตภัณฑ์ (OTOP Center)
อำเภอเขื่องใน,assembly_hall,,[],,,,,หอประชุมอำเภอเขื่องใน,หอประชุมอำเภอเขื่องใน
อำเภอม่วงสามสิบ,assembly_hall,,[],,,,,หอประชุมอำเภอม่วงสามสิบ,หอประชุมอำเภอม่วงสามสิบ
อำเภอวารินชำราบ,assembly_hall,,['อาคารใหม่'],,,,,หอประชุมอำเภอวารินชำราบ (อาคารใหม่),หอประชุมอำเภอวารินชำราบ (อาคารใหม่)
อำเภอตระการพืชผล,assembly_hall,,[],,,,,หอประชุมอำเภอตระการพืชผล,หอประชุมอำเภอตระการพืชผล
อำเภอเขมราฐ,assembly_hall,,[],,,,,หอประชุมอำเภอเขมราฐ,หอประชุมอำเภอเขมราฐ
อำเภอศรีเมืองใหม่,assembly_hall,,[],,,,,หอประชุมอำเภอศรีเมืองใหม่,หอประชุมอำเภอศรีเมืองใหม่
พิบูลมังสาหาร,assembly_hall,,[],,,,,หอประชุมอำเภอพิบูลมังสาหาร,หอประชุมอำเภอพิบูลมังสาหาร
อำเภอบุณฑริก,assembly_hall,,[],,,,,หอประชุมอำเภอบุณฑริก,หอประชุมอำเภอบุณฑริก
หอประชุมอำเภอทุ่งศรีอุดม,assembly_hall,,[],,,,ทุ่งศรีอุดม,หอประชุมอำเภอทุ่งศรีอุดม,หอประชุมอำเภอทุ่งศรีอุดม
อำเภอเดชอุดม,assembly_hall,,[],,,,,หอประชุมอำเภอเดชอุดม,หอประชุมอำเภอเดชอุดม
